date,time,LE1,TE1,LE2,TE2,LE3,TE3,LE4,TE4
210622,58159.60966,26,-1,24,-1,34,60,33,-1
210622,58161.10456,6,23,1,20,6,27,12,26
210622,58166.02989,1,21,0,23,9,25,7,29
210622,58192.87048,8,33,9,25,16,35,17,34
210622,58206.94389,21,36,14,38,23,37,27,43
210622,58212.42438,23,58,18,-1,29,57,29,61
210622,58217.89343,10,30,7,26,14,36,17,38
210622,58247.38816,19,56,17,54,25,52,28,45
210622,58250.04435,23,45,21,43,30,45,30,54
210622,58265.69264,29,43,24,47,34,55,29,44
210622,58271.83708,3,22,2,26,9,20,7,30
210622,58278.8474,34,-1,31,-1,41,60,45,63
210622,58287.95008,10,26,7,28,15,30,16,33
210622,58288.53196,16,42,14,33,20,40,25,41
210622,58291.29605,1,26,4,24,10,22,11,30
210622,58305.27529,9,24,4,22,12,28,15,32
210622,58310.51338,22,39,21,37,28,43,29,45
210622,58320.15735,26,45,21,48,34,45,33,51
210622,58326.93073,12,34,10,34,18,36,19,39
210622,58334.23627,18,38,15,36,21,38,20,51
210622,58349.86506,26,49,22,44,30,50,33,51
210622,58361.69957,20,38,18,39,25,39,26,43
210622,58372.19609,9,29,8,32,16,34,16,34
210622,58385.73509,19,40,16,42,24,39,27,44
210622,58389.57893,4,24,0,31,9,25,9,33
210622,58391.25243,30,51,30,52,39,49,38,58
210622,58402.95827,16,40,17,35,24,43,24,43
210622,58406.98596,17,45,13,45,24,40,24,45
210622,58415.02005,26,46,24,47,31,51,33,51
210622,58415.96189,8,26,9,26,16,31,14,36
210622,58418.67697,26,44,21,45,27,60,30,62
210622,58419.75142,25,45,23,45,29,46,33,51
210622,58420.32831,24,56,25,42,29,50,31,56
210622,58429.97562,17,36,14,35,20,40,27,37
210622,58442.85452,32,50,30,53,38,56,37,56
210622,58445.66276,23,43,22,41,28,41,32,49
210622,58452.49599,30,49,28,52,35,53,37,57
210622,58454.74741,4,24,2,26,9,27,11,28
210622,58455.30161,6,22,0,23,7,27,12,28
210622,58462.51405,5,26,3,27,14,26,11,32
210622,58462.53422,10,30,5,41,8,48,12,55
210622,58464.72368,24,52,29,45,34,49,35,52
210622,58481.39138,22,51,23,51,28,53,33,49
210622,58482.50039,16,34,14,36,21,36,23,41
210622,58488.97969,13,31,9,31,16,39,19,38
210622,58492.73773,28,48,23,44,34,48,29,62
210622,58498.87495,23,38,14,43,25,44,27,47
210622,58506.42327,30,47,25,50,34,51,35,56
210622,58519.23831,19,37,15,37,20,44,24,43
210622,58530.06352,8,48,7,55,12,31,17,53
210622,58556.35295,11,44,12,31,20,36,20,44
210622,58561.19972,11,27,4,28,17,29,13,35
210622,58565.27189,14,32,11,34,19,38,20,36
210622,58571.37557,30,48,23,58,36,48,31,57
210622,58572.52837,39,51,30,55,39,61,45,58
210622,58576.23489,23,43,21,45,31,45,31,49
210622,58580.5359,9,28,7,26,14,32,16,36
210622,58581.36909,8,22,4,30,11,30,13,35
210622,58597.43502,16,30,12,42,17,51,18,51
210622,58602.39509,7,26,2,29,11,31,13,34
210622,58614.3038,2,22,0,21,8,20,8,27
210622,58629.17779,8,25,8,31,13,29,16,38
210622,58629.81403,20,43,19,42,26,42,30,48
210622,58635.16792,16,28,8,32,14,37,20,37
210622,58636.36206,6,21,1,22,8,30,9,39
210622,58637.43661,33,49,26,48,38,52,35,59
210622,58638.4729,12,32,9,31,18,36,19,36
210622,58641.37078,9,55,7,54,18,34,20,40
210622,58648.27477,31,58,34,46,37,59,43,59
210622,58652.48422,24,47,18,42,27,49,31,42
210622,58655.59855,9,40,7,34,18,32,15,38
210622,58660.13806,24,47,20,53,33,57,30,64
210622,58667.35864,14,31,10,32,18,34,19,37
210622,58681.95845,0,25,4,19,7,27,9,26
210622,58698.18593,7,27,6,27,12,27,15,34
210622,58730.37412,18,34,13,35,19,37,25,39
210622,58737.24421,5,24,0,24,10,24,10,30
210622,58737.59167,10,28,8,32,15,33,19,36
210622,58744.35414,32,49,30,53,36,50,39,57
210622,58757.06224,13,25,6,28,14,27,15,35
210622,58757.99146,28,46,24,44,31,50,33,51
210622,58800.04731,29,44,24,45,32,49,35,54
210622,58811.02187,23,43,18,42,25,45,29,47
210622,58823.75726,28,47,25,47,34,48,33,53
210622,58831.75021,17,38,14,37,22,40,25,41
210622,58840.87051,34,65,31,57,40,55,40,63
210622,58849.36189,5,27,4,26,11,30,12,28
210622,58863.50823,11,31,11,32,17,35,20,38
210622,58869.10109,28,49,26,49,36,47,34,58
210622,58870.02795,14,30,9,29,18,39,20,36
210622,58888.95858,18,32,9,33,19,39,21,41
210622,58892.69739,19,41,15,42,25,43,27,53
210622,58894.70395,22,39,23,41,24,49,33,48
210622,58908.61208,23,38,20,46,27,50,27,49
210622,58911.22237,8,34,9,29,16,35,17,44
210622,58937.0066,20,35,15,57,24,45,24,45
210622,58958.68577,24,40,24,42,31,48,27,52
210622,58963.45135,8,28,7,32,14,34,17,32
210622,58965.39702,0,27,0,24,7,23,9,27
210622,58987.61409,6,23,5,22,8,33,13,34
210622,58992.15582,12,35,13,30,19,35,17,51
210622,58995.33223,36,53,31,57,39,57,40,60
210622,58996.01107,15,42,14,52,20,47,26,-1
210622,59002.00564,11,32,11,28,19,32,18,40
210622,59007.12415,24,51,23,48,31,56,29,51
210622,59040.6511,19,58,19,53,25,48,30,44
210622,59044.24024,9,35,11,37,15,44,18,48
210622,59054.87496,4,17,1,24,8,29,9,32
210622,59065.55209,16,36,12,41,21,45,23,50
210622,59078.17818,7,23,4,26,10,29,11,31
210622,59080.31545,40,52,28,43,41,56,43,59
210622,59088.69505,23,44,21,42,28,47,28,55
210622,59088.8692,26,48,23,45,26,42,35,52
210622,59097.832,21,41,18,43,23,44,28,46
210622,59099.53766,12,31,4,19,15,33,16,40
210622,59106.13086,14,35,12,35,22,34,18,43
210622,59108.9398,16,40,15,36,23,41,23,43
210622,59110.26893,6,29,5,28,10,29,14,34
210622,59131.59512,14,31,9,33,14,36,19,41
210622,59133.8961,11,41,10,29,13,30,18,55
210622,59145.54088,29,49,20,38,33,53,31,56
210622,59152.26892,14,29,9,31,17,32,20,34
210622,59162.04797,22,45,22,48,26,48,33,52
210622,59168.26247,29,40,24,44,31,51,33,53
210622,59177.09714,21,41,17,42,30,43,27,47
210622,59195.21924,8,34,7,35,16,32,14,35
210622,59218.51684,4,22,0,24,9,22,10,30
210622,59230.22204,29,49,25,50,35,49,33,60
210622,59230.5767,12,31,8,34,16,39,18,37
210622,59241.05667,29,49,27,51,35,48,35,54
210622,59248.17867,15,33,13,31,21,34,20,40
210622,59249.2341,9,23,9,31,15,30,15,37
210622,59250.98847,23,43,20,48,30,44,28,52
210622,59257.37012,21,37,17,38,23,41,25,46
210622,59257.53715,33,48,26,49,36,52,33,60
210622,59271.15131,7,33,5,26,15,35,14,41
210622,59271.94613,30,47,25,46,30,51,37,55
210622,59284.04286,34,52,30,54,35,62,43,56
210622,59285.91051,15,33,14,33,18,44,22,41
210622,59286.56941,20,42,17,37,21,48,30,47
210622,59288.59788,20,37,18,36,27,40,26,44
210622,59300.2488,13,31,12,31,17,40,19,38
210622,59304.83055,8,25,5,28,12,30,14,35
210622,59307.79457,25,45,21,47,31,45,29,52
210622,59311.61317,34,54,29,52,36,60,39,64
210622,59331.48093,13,35,12,36,19,31,22,40
210622,59338.54116,17,35,12,37,20,36,22,43
210622,59341.53027,39,54,31,58,38,62,44,62
210622,59350.16197,10,35,9,37,18,37,19,36
210622,59352.07598,23,44,20,41,29,45,27,51
210622,59358.49488,12,26,5,28,13,32,18,32
210622,59359.38547,18,38,16,36,21,49,24,43
210622,59369.89911,25,43,22,45,30,47,29,53
210622,59371.37294,10,29,7,31,18,27,11,25
210622,59377.96065,9,40,7,39,11,51,14,46
210622,59381.29776,13,37,10,31,19,38,19,45
210622,59381.3636,34,54,29,54,35,58,43,53
210622,59382.48046,16,33,14,33,21,37,26,37
210622,59383.01654,21,44,19,46,26,50,29,48
210622,59392.54534,8,24,3,33,15,30,11,37
210622,59397.76125,20,37,17,41,26,43,22,55
210622,59403.30307,25,41,20,47,29,49,31,52
210622,59410.607,5,24,2,26,10,27,11,30
210622,59422.49963,19,43,18,43,26,46,29,51
210622,59427.38895,7,27,5,31,9,41,12,40
210622,59428.05471,6,29,0,24,10,30,11,33
210622,59428.4654,16,31,14,32,22,36,22,41
210622,59435.86339,30,46,22,52,32,49,33,61
210622,59450.22938,18,52,15,47,25,43,27,47
210622,59454.54266,8,25,5,24,15,26,10,32
210622,59470.37555,4,29,9,19,12,31,15,34
210622,59472.96599,7,-1,5,47,15,38,13,43
210622,59473.3717,13,40,7,53,18,44,17,44
210622,59473.52123,3,26,1,24,8,23,9,30
210622,59476.56542,19,37,16,34,25,37,23,43
210622,59481.54677,14,39,14,33,20,40,22,43
210622,59482.23725,28,45,23,48,31,48,32,53
210622,59484.35993,25,52,29,45,33,48,36,52
210622,59501.77093,19,40,19,37,24,47,27,45
210622,59522.10699,34,52,31,54,38,57,40,59
210622,59531.63418,16,35,16,36,19,39,23,40
210622,59534.45612,23,44,24,44,30,44,30,48
210622,59542.13118,4,-1,1,-1,11,34,11,45
210622,59550.14799,12,33,13,32,18,33,21,38
210622,59552.24295,18,36,18,38,24,38,26,45
210622,59562.56779,3,20,0,22,8,23,10,26
210622,59562.75696,6,26,5,26,13,29,13,29
210622,59570.57099,9,34,10,27,17,34,18,36
210622,59583.68803,27,48,25,47,34,49,34,53
210622,59590.31253,18,47,23,36,24,43,26,45
210622,59598.47379,21,35,18,39,26,44,27,50
210622,59603.74451,16,33,13,35,19,38,21,53
210622,59608.47039,27,44,25,46,32,53,32,60
210622,59624.90846,6,23,1,23,9,26,12,25
210622,59628.1732,35,52,30,58,39,55,40,59
210622,59655.86546,15,31,8,29,17,35,18,36
210622,59666.77545,24,40,19,42,28,45,29,48
210622,59668.38884,31,46,23,57,35,49,37,55
210622,59673.17202,9,24,1,35,13,26,12,33
210622,59679.13662,23,42,19,44,26,44,26,53
210622,59694.14501,31,46,28,51,32,54,38,55
210622,59701.32762,16,-1,16,-1,26,53,32,46
210622,59701.6569,33,48,24,50,38,50,32,59
210622,59711.09026,1,18,1,16,8,18,4,26
210622,59715.45812,14,41,13,33,19,44,22,42
210622,59715.78305,22,46,22,45,27,48,31,50
210622,59722.01825,18,49,16,53,29,-1,32,-1
210622,59736.60706,37,54,30,62,39,55,42,57
210622,59742.1741,27,47,25,46,35,48,35,51
210622,59747.53452,29,45,24,49,34,49,34,57
210622,59769.01558,23,39,20,36,25,40,27,44
210622,59776.40308,7,40,4,36,10,32,17,36
210622,59776.61876,5,26,7,25,13,27,13,31
210622,59785.6936,9,37,6,32,15,26,17,34
210622,59789.72999,22,43,22,42,28,42,28,49
210622,59804.78613,9,42,8,34,18,28,14,39
210622,59807.64869,30,58,32,53,39,57,40,64
210622,59813.2617,11,22,1,32,11,26,13,35
210622,59829.64712,26,47,24,46,32,49,33,52
210622,59841.3092,12,29,9,31,19,31,17,36
210622,59853.34567,15,39,15,36,20,40,26,41
210622,59880.47682,18,34,14,40,19,41,26,39
210622,59882.61057,12,29,10,27,16,36,19,38
210622,59892.22362,22,-1,23,-1,26,49,30,49
210622,59897.70693,10,34,1,49,9,42,11,-1
210622,59900.03699,20,36,14,38,24,40,27,43
210622,59904.85782,28,53,28,50,37,47,36,55
210622,59906.03904,18,33,16,35,22,38,23,42
210622,59908.63796,32,49,26,57,34,50,37,55
210622,59917.87822,7,35,4,33,14,27,13,32
210622,59946.19976,32,49,31,49,32,46,41,53
210622,59958.62545,7,27,5,29,13,27,12,31
210622,59975.77647,33,45,29,48,36,49,35,72
210622,59980.95152,12,29,7,37,18,34,17,38
210622,59995.05367,25,38,19,39,25,44,30,47
210622,59996.42635,25,45,23,51,32,45,32,54
210622,60015.01643,16,57,14,58,33,52,27,59
210622,60016.90151,18,36,14,36,21,38,25,42
210622,60020.65554,18,35,14,29,20,40,22,49
210622,60040.29453,22,38,19,40,28,42,31,44
210622,60041.2499,8,24,1,26,10,30,13,29
210622,60054.10186,13,30,10,29,18,33,18,38
210622,60057.73949,19,45,14,46,22,42,26,46
210622,60064.2118,11,26,9,35,17,35,16,37
210622,60065.53592,20,36,16,37,23,41,26,42
210622,60070.08419,25,53,21,68,28,55,42,65
210622,60091.32321,23,40,21,39,25,44,28,48
210622,60134.71743,9,29,3,28,13,29,14,34
210622,60167.91428,1,23,2,17,6,22,8,27
210622,60173.46896,20,40,20,41,27,46,28,45
210622,60177.43964,15,37,17,36,18,44,25,42
210622,60177.91793,0,21,2,24,7,31,10,31
210622,60184.72039,10,28,6,29,16,31,13,31
210622,60197.77617,8,26,6,26,14,28,13,33
210622,60202.08155,34,50,30,53,36,54,41,59
210622,60203.12046,19,43,16,51,25,43,27,41
210622,60204.34884,11,46,16,32,21,39,23,43
210622,60204.63458,7,30,1,27,12,31,13,33
210622,60205.2337,24,43,21,40,28,52,29,59
210622,60206.4693,12,33,7,27,18,33,17,39
210622,60219.50821,19,39,13,41,20,41,24,42
210622,60244.04419,36,51,30,60,41,53,40,58
210622,60249.46834,23,35,20,29,28,45,28,48
210622,60253.73855,16,36,8,36,14,38,22,39
210622,60264.01331,30,49,26,46,31,51,35,52
210622,60273.96642,2,23,0,19,9,26,7,30
210622,60275.90743,21,39,16,42,25,45,25,41
210622,60276.19162,11,26,7,30,14,34,19,36
210622,60283.83174,33,49,30,51,39,53,35,66
210622,60292.59662,20,42,19,41,26,40,28,46
210622,60296.21327,7,29,1,26,13,27,12,33
210622,60301.90469,20,38,17,37,24,37,25,46
210622,60303.13831,9,25,4,26,7,-1,7,-1
210622,60307.95896,2,24,2,20,8,25,8,31
210622,60308.11755,7,37,11,28,14,37,18,37
210622,60309.79285,20,36,16,36,24,41,27,44
210622,60312.31842,32,53,31,53,37,55,39,56
210622,60312.95239,4,27,6,23,13,26,13,35
210622,60323.60724,21,41,24,58,32,47,31,53
210622,60334.65544,4,26,0,23,8,34,9,30
210622,60357.76787,14,37,14,35,22,35,20,41
210622,60358.43946,22,47,22,41,30,45,28,48
210622,60371.24426,12,42,12,44,18,35,23,45
210622,60376.48837,29,47,21,50,29,50,35,53
210622,60406.52492,8,30,6,36,17,36,18,39
210622,60409.97951,20,36,10,25,21,37,23,40
210622,60410.06871,22,53,19,56,28,46,29,49
210622,60410.21265,31,56,29,48,36,53,37,58
210622,60414.67849,31,55,30,51,38,52,38,56
210622,60415.46441,17,34,14,29,22,43,22,42
210622,60427.49884,23,-1,19,-1,31,54,37,46
210622,60432.56717,22,41,21,40,29,43,28,51
210622,60433.30155,21,39,18,43,27,41,24,50
210622,60434.49071,18,34,14,37,23,38,24,41
210622,60434.94151,6,29,4,36,12,29,14,34
210622,60437.91408,25,46,22,47,31,50,32,53
210622,60450.18194,15,38,17,38,24,39,25,47
210622,60453.67569,14,34,11,37,17,45,22,41
210622,60457.26419,9,32,8,31,13,35,19,34
210622,60462.46404,11,27,4,28,13,29,17,35
210622,60469.30799,8,41,11,31,16,39,19,38
210622,60481.09367,24,36,15,42,22,45,27,46
210622,60491.75173,12,32,13,35,20,33,21,41
210622,60496.62723,24,45,22,46,29,48,31,51
210622,60501.38382,37,53,28,55,40,53,40,59
210622,60514.99664,11,32,9,29,16,38,17,37
210622,60515.76909,8,27,6,28,14,30,11,35
210622,60518.34621,8,22,5,22,10,37,9,41
210622,60522.16805,8,19,2,22,8,30,14,32
210622,60524.52015,35,51,29,50,37,57,37,57
210622,60526.0802,28,61,24,62,32,55,36,55
210622,60528.60052,25,40,24,41,35,59,37,62
210622,60539.38873,22,40,18,39,28,40,27,48
210622,60544.09498,21,38,18,39,23,45,29,42
210622,60551.73912,26,46,25,43,34,50,32,40
210622,60552.42429,27,41,24,44,33,49,30,52
210622,60561.83131,23,41,19,40,28,44,28,48
210622,60563.66927,34,49,24,41,36,53,37,61
210622,60583.8822,1,22,1,22,8,21,10,29
210622,60586.61128,10,27,1,16,13,34,15,36
210622,60596.11272,26,44,21,48,28,48,32,50
210622,60604.19725,1,-1,0,-1,7,44,9,43
210622,60615.30973,21,53,18,56,25,50,27,56
210622,60630.21587,12,38,10,33,19,38,19,43
210622,60635.48289,24,48,26,46,36,47,30,58
210622,60641.65182,17,37,14,35,19,38,25,41
210622,60643.54627,12,26,8,27,14,32,16,35
210622,60645.66126,8,24,3,25,11,26,12,32
210622,60651.76298,17,34,15,33,24,41,26,42
210622,60653.59643,19,43,15,50,23,41,27,45
210622,60667.25237,25,45,23,42,30,48,32,51
210622,60685.46622,24,35,16,42,28,39,29,48
210622,60689.89017,27,45,22,43,31,51,34,46
210622,60691.97534,16,49,11,49,21,37,21,43
210622,60694.7579,20,35,15,37,25,43,23,45
210622,60700.57458,3,28,4,21,10,25,10,29
210622,60703.8692,11,28,7,33,15,36,19,37
210622,60712.95468,13,36,12,39,17,40,23,35
210622,60731.78945,29,59,33,54,35,65,40,63
210622,60740.5391,30,51,29,53,37,52,39,55
210622,60748.8745,11,28,11,32,18,32,19,37
210622,60751.22436,20,36,16,38,24,38,25,40
210622,60756.36378,26,46,21,47,28,55,34,50
210622,60765.0322,18,36,13,36,20,37,24,42
210622,60772.60292,14,37,11,36,17,39,21,45
210622,60774.72057,20,45,22,39,24,43,29,58
210622,60790.89897,11,25,7,29,13,33,17,35
210622,60792.16104,20,42,22,39,26,45,29,47
210622,60798.54308,27,43,23,52,30,50,33,54
210622,60807.16931,24,41,19,48,26,46,28,57
210622,60811.08714,12,26,7,30,13,31,16,33
210622,60813.70969,29,50,28,47,35,52,36,57
210622,60816.37959,26,49,29,46,35,51,34,56
210622,60820.97773,8,36,6,32,13,28,16,34
210622,60839.34879,16,34,14,34,18,46,24,45
210622,60843.00031,20,31,10,41,17,41,22,52
210622,60854.7008,8,34,5,38,14,34,14,34
210622,60867.37697,14,32,9,33,18,32,20,38
210622,60869.14534,14,39,9,44,20,37,20,41
210622,60870.54296,20,41,16,42,23,43,26,48
210622,60897.31442,20,36,15,42,24,42,24,45
210622,60905.38162,30,45,26,46,33,54,35,56
210622,60914.4,8,51,5,-1,16,39,14,47
210622,60920.84252,16,32,12,33,19,34,25,37
210622,60927.75804,32,62,31,59,42,56,41,59
210622,60928.67417,20,38,17,38,29,41,25,54
210622,60932.66424,9,33,3,36,12,33,16,35
210622,60937.76407,15,34,12,35,17,38,21,48
210622,60943.07485,5,26,4,27,10,27,12,28
210622,60945.98935,30,48,25,49,35,49,36,51
210622,60950.97105,17,41,18,41,26,42,28,44
210622,60952.12619,26,46,22,47,31,47,28,49
210622,60957.35064,32,-1,28,-1,40,56,41,57
210622,60957.55751,29,45,25,49,33,50,34,55
210622,60960.67892,4,27,6,27,13,26,14,35
210622,60968.68644,3,21,0,23,11,20,6,31
210622,60976.78567,26,47,21,44,31,45,31,52
210622,60981.92946,1,27,0,20,6,24,11,26
210622,60987.30728,7,33,5,38,15,30,18,28
210622,60995.22477,8,38,6,35,13,36,14,41
210622,61008.02242,5,-1,3,-1,10,-1,11,-1
210622,61014.40163,3,22,1,24,10,27,8,31
210622,61024.64898,13,35,14,32,22,38,21,43
210622,61033.63192,6,21,2,21,11,26,10,32
210622,61037.52542,7,26,4,26,14,30,11,36
210622,61051.92638,33,50,27,52,37,51,39,56
210622,61053.20504,4,20,1,21,9,27,9,28
210622,61061.15604,28,56,24,56,31,61,31,62
210622,61061.78114,14,35,8,39,19,37,19,41
210622,61070.94393,33,49,28,51,38,52,40,58
210622,61096.56435,11,34,9,35,15,36,16,36
210622,61107.97541,35,53,30,54,40,55,42,59
210622,61114.9761,16,51,14,51,21,50,22,57
210622,61140.48577,18,43,20,42,24,41,29,44
210622,61150.1335,12,35,11,30,19,35,18,39
210622,61152.38637,30,47,27,49,34,49,36,56
210622,61157.12419,39,53,31,57,41,57,42,57
210622,61167.84784,9,29,7,24,13,30,14,39
210622,61177.24049,18,36,16,36,24,43,23,59
210622,61185.09955,27,46,22,48,34,49,31,60
210622,61188.16499,30,57,29,57,34,69,37,62
210622,61214.00178,23,41,19,40,28,40,23,54
210622,61215.05885,27,47,25,47,30,48,38,50
210622,61218.923,25,45,22,45,32,46,30,52
210622,61228.14544,12,32,10,30,14,37,21,39
210622,61232.25788,15,32,12,31,16,43,23,38
210622,61250.67857,2,24,1,18,9,22,7,30
210622,61261.18347,13,30,8,29,16,32,17,35
210622,61275.94427,18,37,14,36,20,43,23,47
210622,61304.9555,17,31,14,34,22,33,21,44
210622,61305.90244,31,46,27,48,33,55,38,53
210622,61306.09468,26,45,22,45,30,50,33,49
210622,61321.62855,25,44,23,44,30,42,29,57
210622,61326.51368,10,25,6,29,12,34,14,31
210622,61329.99286,22,37,16,38,25,41,27,45
210622,61336.34669,23,46,23,42,29,45,28,54
210622,61343.26714,17,36,14,36,23,39,21,40
210622,61354.54277,14,28,4,33,15,33,18,35
210622,61354.61018,17,37,17,37,23,47,26,48
210622,61360.99229,23,45,16,57,27,46,29,49
210622,61375.084,12,28,6,32,15,43,18,44
210622,61378.32643,15,41,20,34,23,43,26,43
210622,61381.48442,20,35,15,35,23,38,25,49
210622,61400.31429,33,52,29,58,38,55,39,59
210622,61407.64457,21,-1,21,-1,30,50,31,54
210622,61412.64234,32,79,30,79,40,61,42,64
210622,61413.12728,4,-1,3,-1,12,47,15,47
210622,61421.42235,23,51,23,58,27,55,31,57
210622,61426.62863,24,40,17,40,26,48,30,47
210622,61426.8508,21,41,17,47,27,44,27,55
210622,61427.81312,3,21,1,22,9,21,8,27
210622,61433.261,8,27,4,25,13,26,7,23
210622,61464.3896,3,28,4,19,9,27,11,29
210622,61464.53642,19,51,22,45,25,46,31,54
210622,61467.67957,32,51,25,52,35,53,36,63
210622,61470.86995,7,18,2,24,9,25,9,29
210622,61484.00022,19,-1,16,-1,27,51,30,47
210622,61492.42268,20,43,19,46,28,39,26,50
210622,61499.70891,29,48,26,58,36,51,32,56
210622,61504.86917,30,48,31,47,40,50,36,58
210622,61505.10712,4,19,1,25,7,29,13,26
210622,61508.30895,7,26,7,23,15,32,14,32
210622,61508.65573,12,38,10,37,15,46,23,42
210622,61515.6132,22,43,18,41,28,41,28,45
210622,61523.20931,29,46,27,47,33,48,35,57
210622,61525.98568,12,32,9,29,20,32,19,33
210622,61526.88489,27,56,28,53,30,50,38,56
210622,61531.99113,36,50,30,52,35,62,42,55
210622,61533.31396,16,29,12,45,20,43,22,39
210622,61533.59621,13,31,8,29,17,36,15,42
210622,61537.90849,8,22,3,25,12,27,11,35
210622,61541.48454,16,35,8,36,14,41,23,38
210622,61544.2021,23,42,19,50,27,46,31,50
210622,61545.21628,9,26,6,25,11,34,13,47
210622,61549.43759,16,37,15,35,20,36,23,45
210622,61550.14973,32,48,26,52,35,53,36,55
210622,61556.72917,33,59,31,62,42,55,42,58
210622,61557.92951,34,57,31,59,32,51,39,66
210622,61563.46171,12,32,7,34,13,37,21,37
210622,61563.48507,32,52,29,53,41,50,35,68
210622,61595.94684,6,23,2,22,10,28,10,37
210622,61596.45507,27,45,25,43,32,51,34,54
210622,61602.33377,22,41,18,41,26,40,29,45
210622,61604.66338,11,36,7,44,17,33,18,39
210622,61605.68003,27,64,26,-1,32,-1,32,-1
210622,61612.55519,22,47,22,55,28,55,27,63
210622,61616.83838,11,29,10,30,21,33,19,36
210622,61629.01818,3,23,1,22,6,27,9,25
210622,61633.25016,17,34,10,37,21,36,22,42
210622,61635.13713,29,48,27,51,34,50,36,52
210622,61643.6614,3,26,1,22,7,25,10,32
210622,61650.97053,5,31,6,25,11,35,12,43
210622,61654.32055,15,37,13,43,21,36,21,42
210622,61657.49298,30,56,28,60,38,54,37,55
210622,61674.66079,12,35,10,31,16,37,20,39
210622,61686.48351,6,22,3,15,12,18,8,35
210622,61688.30649,23,38,21,41,25,46,29,48
210622,61689.05104,23,48,21,46,28,60,33,56
210622,61697.23954,3,23,2,23,9,26,12,29
210622,61699.24524,26,50,28,46,31,53,34,61
210622,61700.23675,20,36,14,39,22,41,22,44
210622,61702.39812,12,36,13,29,18,35,20,41
210622,61704.9853,7,27,4,28,9,36,12,46
210622,61710.90478,26,43,22,44,27,46,33,50
210622,61710.9914,23,47,22,44,27,58,30,51
210622,61711.30351,15,33,9,33,20,38,18,42
210622,61711.72749,27,47,23,46,29,49,34,54
210622,61722.90823,13,32,8,34,14,35,19,36
210622,61731.99066,5,27,10,25,14,31,13,33
210622,61757.02597,23,49,19,52,30,46,32,44
210622,61762.14328,24,58,24,47,29,58,33,54
210622,61781.78303,30,57,26,68,33,55,41,56
210622,61782.17281,29,45,25,47,34,52,37,56
210622,61784.72602,14,36,8,37,18,47,17,40
210622,61805.49348,21,35,15,38,25,41,25,47
210622,61808.43733,31,58,25,65,36,52,36,56
210622,61813.60109,31,48,29,46,34,53,36,63
210622,61815.01971,5,40,3,40,8,23,19,33
210622,61816.82805,18,32,11,37,21,38,23,45
210622,61817.23647,22,39,21,39,28,45,26,52
210622,61846.06837,26,48,23,46,30,49,31,54
210622,61846.6355,2,27,2,17,6,23,11,31
210622,61848.95443,18,41,16,39,22,47,25,44
210622,61854.56277,6,26,3,26,11,27,14,29
210622,61854.64922,35,71,31,-1,34,-1,37,73
210622,61855.43449,31,49,30,48,38,52,38,59
210622,61862.30872,20,49,17,51,24,44,29,48
210622,61864.67045,24,47,19,58,22,42,28,66
210622,61868.22084,25,44,21,38,30,46,32,50
210622,61875.73159,17,36,14,33,21,38,23,44
210622,61882.10859,9,30,7,29,14,39,17,33
210622,61885.89168,12,30,8,29,16,32,17,36
210622,61887.26293,22,41,18,41,26,41,29,51
210622,61890.2665,27,39,18,49,27,53,30,48
210622,61892.87575,24,39,21,40,29,47,25,52
210622,61908.87766,11,34,13,29,21,32,19,43
210622,61911.61369,20,47,18,47,27,45,27,48
210622,61926.30711,5,22,0,21,9,26,11,27
210622,61928.71333,19,34,14,43,23,38,23,43
210622,61945.28212,10,32,8,28,15,36,17,35
210622,61948.49821,20,41,20,43,26,44,28,47
210622,61952.22478,33,52,28,50,34,60,41,57
210622,61991.73062,14,-1,15,47,25,41,28,42
210622,62006.45231,29,35,24,43,25,45,29,54
210622,62016.02181,7,31,8,29,14,29,15,38
210622,62023.3401,27,32,17,47,24,42,26,44
210622,62024.78886,2,21,3,21,8,26,12,34
210622,62026.91177,18,36,13,37,21,37,25,42
210622,62037.05852,34,49,28,50,35,56,39,53
210622,62044.38233,17,37,16,37,22,44,23,47
210622,62064.42588,22,37,18,42,26,42,26,45
210622,62070.31825,25,38,20,45,31,41,29,48
210622,62072.5636,3,28,5,22,14,27,12,33
210622,62085.15503,10,29,7,31,14,38,17,35
210622,62087.17025,18,39,16,36,21,42,24,43
210622,62098.69879,23,45,21,46,30,48,32,46
210622,62109.43195,31,54,26,59,34,52,38,53
210622,62112.17588,11,33,9,32,18,34,20,34
210622,62118.3292,5,19,1,20,8,25,10,27
210622,62133.21567,27,43,18,46,30,45,31,49
210622,62152.0933,10,48,8,-1,19,42,19,44
210622,62152.48005,10,24,3,27,13,29,12,38
210622,62160.28424,34,51,31,53,37,59,43,57
210622,62164.07804,3,23,1,18,9,27,11,27
210622,62171.94047,14,33,13,33,20,38,22,39
210622,62184.27137,16,33,13,37,21,38,20,46
210622,62187.19236,19,38,17,37,24,39,27,46
210622,62187.88576,19,44,15,47,28,39,22,58
210622,62193.75993,30,48,30,53,37,52,35,54
210622,62196.02579,2,26,1,20,7,23,8,29
210622,62207.29448,24,45,19,44,25,51,27,60
210622,62242.42891,8,25,5,25,10,29,13,33
210622,62247.08155,6,21,2,23,10,26,6,36
210622,62247.71248,29,44,25,42,28,54,35,56
210622,62248.59201,17,29,12,38,22,36,24,38
210622,62251.99387,28,51,21,45,31,49,34,52
210622,62252.1755,7,20,2,26,9,28,13,31
210622,62252.87796,17,28,9,31,18,41,20,46
210622,62283.47932,32,49,28,50,37,53,37,58
210622,62286.59911,31,52,30,49,33,61,39,56
210622,62293.06752,18,39,18,36,23,42,30,43
210622,62295.14278,17,33,9,48,22,37,23,42
210622,62299.86676,25,41,19,46,27,43,31,48
210622,62314.5204,10,40,10,29,16,35,20,34
210622,62319.34313,25,43,22,42,31,43,30,48
210622,62330.73878,24,39,20,46,27,51,30,47
210622,62331.72626,2,29,1,27,11,23,9,28
210622,62332.69068,20,35,16,38,25,41,25,50
210622,62347.29465,28,48,27,47,32,55,34,57
210622,62348.59601,17,37,14,34,24,34,22,41
210622,62358.85646,6,40,2,45,10,43,12,46
210622,62369.3161,32,53,29,47,37,54,37,55
210622,62374.75492,24,43,21,45,32,45,32,46
210622,62392.07942,5,31,9,25,12,41,14,35
210622,62392.3701,20,41,14,42,25,38,26,42
210622,62397.83062,22,36,17,38,25,42,27,46
210622,62415.28427,35,81,30,-1,38,65,42,-1
210622,62430.94359,28,58,27,58,35,50,37,54
210622,62431.69429,25,47,22,49,30,49,33,48
210622,62441.11001,11,28,8,29,17,34,16,34
210622,62444.08971,14,30,12,34,21,34,20,40
210622,62461.25481,26,45,23,46,28,57,30,61
210622,62461.89311,17,38,14,37,23,37,23,45
210622,62488.26907,16,40,18,36,22,39,26,42
210622,62507.62147,14,39,12,37,18,39,22,37
210622,62510.08891,33,51,30,55,33,56,41,56
210622,62513.76631,27,46,25,43,31,44,27,52
210622,62518.52063,28,52,25,52,32,51,37,56
210622,62520.56803,27,43,26,44,32,53,33,50
210622,62524.98854,24,39,23,42,28,46,30,50
210622,62530.17228,11,37,10,30,15,40,19,41
210622,62533.26664,11,27,8,32,17,30,18,33
210622,62533.88497,35,52,30,52,37,59,43,59
210622,62542.02287,26,49,26,46,33,47,31,54
210622,62574.45935,9,28,5,31,14,29,14,39
210622,62578.16117,20,52,17,58,25,48,27,54
210622,62589.48146,13,36,14,31,19,36,23,40
210622,62592.0963,9,29,7,25,15,32,15,32
210622,62599.12658,20,39,20,41,27,44,27,50
210622,62609.25683,19,38,15,39,23,40,23,47
210622,62617.15266,17,40,17,36,24,39,23,47
210622,62623.66353,12,35,10,38,14,40,21,37
210622,62627.07745,7,29,2,38,13,30,14,31
210622,62628.26522,17,34,15,34,21,40,25,41
210622,62644.71997,30,49,30,49,36,53,38,55
210622,62645.71575,0,24,0,34,3,34,5,31
210622,62646.53371,25,42,23,42,29,51,30,46
210622,62649.33466,28,49,30,48,36,51,38,61
210622,62653.50673,27,42,24,45,32,47,32,51
210622,62654.94569,19,41,19,40,26,47,31,48
210622,62672.35052,19,39,19,37,25,42,25,46
210622,62677.51245,14,33,10,35,18,35,17,45
210622,62682.59358,12,33,9,28,17,38,19,37
210622,62683.12239,7,31,9,30,13,37,16,34
210622,62687.90005,3,24,2,24,7,31,11,30
210622,62700.29857,4,-1,4,-1,14,34,15,40
210622,62704.06741,10,29,8,30,11,38,19,35
210622,62718.71315,15,44,18,38,24,37,25,43
210622,62724.61619,19,47,21,45,28,49,30,54
210622,62738.44641,13,30,12,28,20,36,17,41
210622,62741.42264,30,47,28,46,32,54,37,61
210622,62741.66796,17,32,13,37,19,35,22,40
210622,62744.29753,25,45,26,44,30,51,34,55
210622,62762.60472,7,30,7,29,12,33,17,36
210622,62765.51903,29,47,26,45,32,53,35,51
210622,62766.62179,32,50,28,53,36,55,40,55
210622,62769.1006,32,50,31,49,37,52,38,56
210622,62770.73981,9,27,5,30,13,34,16,37
210622,62776.16916,6,28,6,30,12,34,16,35
210622,62781.89923,34,61,30,59,40,54,39,62
210622,62793.85551,10,24,4,29,14,29,14,34
210622,62798.54005,13,31,13,29,19,36,23,37
210622,62815.21015,12,39,15,38,20,41,17,51
210622,62834.57804,13,32,8,29,16,33,18,36
210622,62841.36465,36,51,29,53,39,55,39,60
210622,62844.68558,29,47,25,47,31,52,33,61
210622,62864.162,24,51,27,44,31,55,34,52
210622,62864.27644,21,34,17,40,23,39,28,44
210622,62866.13684,3,21,3,22,9,23,10,32
210622,62891.65386,25,50,22,57,27,55,33,52
210622,62892.46424,17,53,14,54,24,43,25,50
210622,62895.64088,16,37,13,38,21,41,20,42
210622,62900.42167,9,27,5,25,15,30,11,34
210622,62914.36773,18,44,17,44,25,38,28,43
210622,62919.61307,27,45,22,51,29,48,32,55
210622,62920.54347,19,35,14,37,20,47,24,39
210622,62921.0276,26,45,23,49,30,48,33,49
210622,62922.91095,17,41,16,37,21,44,26,41
210622,62924.12267,17,40,16,41,22,44,25,48
210622,62927.18371,31,49,30,50,35,55,38,60
210622,62947.53456,14,29,12,33,16,35,21,36
210622,62957.56641,35,52,31,52,41,55,41,61
210622,62971.16221,8,22,3,25,12,28,13,32
210622,62971.68377,29,49,24,49,35,50,34,53
210622,62974.73699,14,32,8,30,19,33,18,38
210622,62984.71044,12,35,12,32,17,43,22,39
210622,62991.00603,15,31,12,31,22,35,19,41
210622,62992.6115,6,23,2,34,6,30,13,25
210622,63025.54229,33,51,30,51,36,59,39,56
210622,63039.74366,7,25,5,29,13,32,13,33
210622,63063.23969,32,48,28,48,34,53,39,53
210622,63071.49929,8,27,6,26,14,33,14,38
210622,63075.69794,18,41,14,36,23,40,23,47
210622,63089.44851,27,45,23,45,29,45,33,51
210622,63089.96209,6,22,3,30,10,27,12,34
210622,63104.14315,23,42,20,45,28,47,29,49
210622,63111.72098,9,30,4,40,13,31,14,40
210622,63120.73006,24,46,25,50,28,51,36,49
210622,63148.81768,4,-1,5,-1,14,41,14,44
210622,63149.51109,33,46,26,53,37,52,36,59
210622,63157.31967,6,20,2,24,6,38,14,26
210622,63161.70595,19,51,15,60,22,55,24,60
210622,63163.87121,19,51,19,49,31,57,32,-1
210622,63172.71829,18,36,17,35,24,41,24,47
210622,63195.86681,20,63,19,58,30,47,30,51
210622,63197.33955,4,27,4,29,13,30,10,33
210622,63202.57173,15,32,13,36,20,36,21,46
210622,63209.00035,15,34,14,34,20,34,24,40
210622,63212.13305,32,50,29,50,37,54,39,57
210622,63213.94816,11,35,9,32,12,30,12,37
210622,63216.41351,26,50,27,47,32,50,34,57
210622,63223.61693,3,22,0,21,6,22,8,26
210622,63231.06919,28,42,17,31,31,45,31,50
210622,63238.96799,26,45,22,53,31,52,33,53
210622,63243.89603,27,47,24,48,31,53,34,56
210622,63267.79949,12,31,8,34,14,33,18,36
210622,63268.30109,21,42,24,38,29,45,32,47
210622,63281.49989,28,39,18,43,31,47,27,53
210622,63299.52586,30,42,23,47,34,44,30,56
210622,63304.67959,15,28,11,32,13,55,16,-1
210622,63319.69361,35,55,31,55,41,52,40,61
210622,63319.85289,29,53,23,63,34,53,37,52
210622,63328.15578,22,41,19,39,28,42,29,45
210622,63337.05223,23,-1,20,-1,29,-1,30,-1
210622,63339.71269,26,42,23,45,33,50,32,52
210622,63344.97617,29,48,27,46,34,50,37,53
210622,63349.02973,26,39,19,42,28,45,31,47
210622,63358.3647,11,28,9,30,19,34,18,28
210622,63364.48918,17,44,15,41,25,37,25,41
210622,63368.00432,34,52,30,60,40,57,39,61
210622,63374.45438,30,41,25,51,32,52,33,60
210622,63375.23838,19,36,17,37,22,38,27,41
210622,63380.55977,20,52,18,57,26,52,26,52
210622,63395.03528,31,52,28,51,36,51,36,57
210622,63409.00935,11,28,9,28,16,31,18,38
210622,63411.96917,22,39,16,37,21,44,26,45
210622,63414.5048,14,33,10,31,20,35,22,38
210622,63417.39536,0,31,2,19,7,24,14,17
210622,63428.39011,20,40,16,37,23,42,25,42
210622,63432.51881,29,57,27,60,38,52,31,49
210622,63442.77674,20,42,17,43,28,45,29,49
210622,63448.33098,7,28,4,26,15,25,12,31
210622,63449.41934,28,48,27,43,36,50,37,52
210622,63470.99475,22,41,23,36,26,45,28,48
210622,63497.8212,25,44,22,48,28,48,32,48
210622,63503.91484,3,23,2,36,8,32,10,39
210622,63509.05833,9,31,5,30,13,30,14,37
210622,63518.28625,11,35,13,33,19,37,21,41
210622,63524.31098,5,21,3,20,9,26,11,34
210622,63526.94768,24,60,22,67,32,50,32,60
210622,63558.46922,18,36,13,37,17,33,23,48
210622,63590.4072,16,48,16,46,23,41,25,48
210622,63600.03537,7,26,1,24,8,30,12,35
210622,63608.14809,8,-1,5,-1,13,-1,15,-1
210622,63617.14589,27,57,32,49,34,55,43,50
210622,63618.26842,27,41,20,34,28,46,32,54
210622,63624.92653,29,44,29,45,34,52,34,59
210622,63625.00444,13,52,12,53,19,55,21,-1
210622,63625.43502,18,36,14,34,25,37,23,40
210622,63626.14621,20,33,15,33,22,39,17,34
210622,63629.86863,16,38,16,34,21,36,23,47
210622,63631.97494,34,50,31,50,38,54,41,57
210622,63633.38998,8,39,6,39,14,33,16,35
210622,63634.19263,21,39,12,48,27,40,24,51
210622,63638.60641,25,43,22,42,29,47,32,50
210622,63640.35968,19,43,14,44,19,45,27,41
210622,63646.94654,14,33,8,32,19,31,18,37
210622,63665.49902,7,35,5,35,15,41,17,44
210622,63666.13343,30,48,26,45,38,47,33,55
210622,63666.69925,5,29,5,27,11,31,13,31
210622,63674.27517,8,23,3,25,10,28,11,30
210622,63674.69624,16,35,14,37,20,39,23,42
210622,63678.35176,17,33,10,31,20,35,21,39
210622,63680.57497,4,22,1,22,7,23,11,30
210622,63681.09754,33,51,28,53,32,49,42,54
210622,63706.14958,12,31,7,31,13,35,20,37
210622,63740.50753,30,58,29,51,34,53,38,60
210622,63746.74307,30,50,26,51,37,54,39,61
210622,63754.56784,9,29,4,33,12,30,14,32
210622,63758.76515,9,23,5,31,16,29,12,33
210622,63759.02875,11,26,6,29,16,29,13,38
210622,63760.96111,32,47,26,56,35,52,37,55
210622,63782.55435,36,54,30,53,39,58,40,60
210622,63810.38518,19,38,13,37,21,51,23,60
210622,63811.61139,12,44,13,29,15,54,17,-1
210622,63818.00488,14,27,7,35,21,34,13,41
210622,63843.05653,33,48,29,52,36,53,37,63
210622,63848.57259,7,29,2,39,5,-1,14,38
210622,63884.98314,27,43,22,44,29,48,33,48
210622,63908.81408,15,33,13,34,19,39,21,45
210622,63912.18536,3,21,0,20,11,24,7,29
210622,63933.5442,14,47,12,40,21,32,22,42
210622,63935.10229,16,34,12,42,18,39,23,35
210622,63940.73736,20,48,18,42,24,50,29,47
210622,63941.94369,17,42,17,39,24,43,27,44
210622,63953.98274,20,36,18,37,24,44,24,53
210622,63956.72546,27,48,26,43,33,48,33,51
210622,63971.32006,9,23,5,26,10,37,12,35
210622,63971.69498,30,45,24,45,31,50,36,50
210622,63977.70866,1,20,0,19,4,33,5,36
210622,63979.94694,25,45,22,42,32,48,28,62
210622,63988.51097,11,31,11,31,17,31,14,37
210622,63990.20124,12,32,9,34,18,35,19,35
210622,63995.52721,20,41,19,45,28,43,23,47
210622,63996.62137,23,48,26,47,32,48,33,53
210622,64002.58831,29,49,24,48,34,49,32,60
210622,64007.40442,32,53,29,57,36,54,40,55
210622,64014.81994,7,27,3,35,12,31,12,34
210622,64022.29727,28,46,27,43,33,49,34,53
210622,64022.76921,29,50,25,47,33,52,35,58
210622,64029.28053,15,34,8,37,18,33,19,40
210622,64030.48314,21,39,13,44,23,43,27,45
210622,64031.46818,13,33,13,33,21,34,21,39
210622,64035.05675,11,26,8,27,16,30,17,38
210622,64047.86104,25,43,24,41,29,45,33,48
210622,64081.72315,24,43,20,41,30,42,29,48
210622,64082.90027,23,40,19,37,25,42,29,49
210622,64087.57364,14,35,6,43,19,37,17,41
210622,64098.86631,3,25,3,22,9,28,10,33
210622,64108.8288,18,36,16,39,23,38,24,46
210622,64116.02669,29,42,18,35,29,48,32,56
210622,64125.09135,13,30,8,34,19,30,16,39
210622,64135.60465,17,53,15,53,23,49,24,53
210622,64142.73073,22,41,21,44,26,46,30,44
210622,64143.43257,5,26,2,24,13,23,8,36
210622,64148.40772,9,20,2,22,10,36,13,30
210622,64153.33829,33,67,31,74,36,-1,38,-1
210622,64162.80055,3,31,6,22,8,42,9,47
210622,64172.59737,24,43,19,44,29,44,28,52
210622,64179.52096,31,52,32,47,36,57,41,59
210622,64193.39367,21,39,16,36,26,36,28,48
210622,64197.38761,10,36,7,37,14,41,18,43
210622,64197.60476,17,43,15,37,20,43,24,42
210622,64220.49659,19,34,16,47,22,41,24,43
210622,64231.98484,4,30,8,26,15,28,13,34
210622,64236.57135,32,57,25,55,35,54,38,56
210622,64248.68967,15,27,9,34,20,33,20,36
210622,64251.02492,3,22,1,21,7,28,10,29
210622,64261.46465,19,42,19,41,27,36,26,45
210622,64263.67813,24,36,17,43,28,44,28,48
210622,64265.69261,12,55,11,45,18,55,23,43
210622,64295.8678,38,55,30,60,38,60,43,60
210622,64300.52986,2,39,0,34,6,40,8,47
210622,64314.63707,17,42,17,36,24,44,26,44
210622,64321.62415,6,33,3,39,8,32,15,31
210622,64330.48381,7,27,7,28,15,30,16,34
210622,64357.43181,10,32,13,29,17,35,22,41
210622,64370.70033,6,36,4,31,9,34,14,37
210622,64382.3323,25,39,20,45,30,46,29,52
210622,64389.72463,26,48,25,45,32,53,35,57
210622,64394.49957,2,27,1,24,10,23,10,30
210622,64399.4907,34,60,31,64,39,55,42,61
210622,64399.63553,8,26,8,31,15,28,16,35
210622,64406.0191,31,48,28,50,33,55,38,55
210622,64407.06541,6,36,4,36,11,42,8,-1
210622,64410.63007,29,40,22,45,30,57,32,53
210622,64414.85458,7,24,1,26,9,26,12,32
210622,64415.29173,11,51,10,55,18,47,20,52
210622,64423.51843,20,42,17,38,23,45,27,48
210622,64431.45985,37,53,31,51,41,59,42,60
210622,64444.96214,31,53,31,53,38,52,38,59
210622,64445.04124,15,34,16,35,22,41,22,43
210622,64447.84902,31,47,26,52,36,48,34,56
210622,64449.20327,13,35,15,36,20,40,21,41
210622,64450.11364,11,26,4,33,14,32,13,39
210622,64450.92103,7,26,2,25,9,30,11,30
210622,64456.03223,1,28,6,22,10,27,12,28
210622,64459.83042,13,35,10,34,19,31,18,35
210622,64462.33898,32,48,27,48,37,49,39,52
210622,64484.07479,4,20,2,16,6,31,7,38
210622,64486.58725,19,38,18,40,20,43,27,45
210622,64496.22455,21,43,18,36,27,44,29,48
210622,64509.44437,5,31,5,25,9,28,15,29
210622,64513.98819,7,31,11,25,12,33,16,35
210622,64519.56102,11,40,8,38,19,44,19,49
210622,64533.00677,17,36,14,38,23,35,25,41
210622,64556.40322,17,34,12,34,21,37,23,41
210622,64557.21919,6,27,4,27,17,30,13,-1
210622,64560.28895,27,45,21,40,30,46,31,48
210622,64563.02713,19,32,14,45,22,40,22,51
210622,64570.28785,36,54,29,54,37,57,41,58
210622,64578.90102,14,37,8,39,19,32,17,40
210622,64580.73234,21,35,17,41,27,39,25,47
210622,64583.41847,28,45,26,48,31,51,34,58
210622,64585.96768,15,37,15,32,18,38,23,40
210622,64586.63431,14,32,11,29,19,35,15,42
210622,64591.8868,18,36,16,33,22,44,20,51
210622,64594.86821,25,42,24,44,31,48,30,49
210622,64597.00549,12,32,11,35,18,32,18,40
210622,64601.43512,11,46,16,35,22,38,19,44
210622,64610.14871,14,31,6,34,18,31,16,38
210622,64615.02613,16,45,12,48,21,41,22,52
210622,64616.0525,29,48,27,45,33,50,37,52
210622,64616.98624,21,40,21,42,26,42,30,47
210622,64631.25964,17,32,13,39,21,40,24,45
210622,64635.26716,1,27,0,20,7,26,9,26
210622,64635.37289,12,38,14,33,21,35,21,43
210622,64643.16349,8,35,12,30,16,35,18,37
210622,64663.87143,33,47,29,59,41,53,38,65
210622,64679.46386,24,44,18,42,27,45,30,43
210622,64679.88583,31,50,29,51,36,57,39,58
210622,64686.53474,20,39,17,53,26,41,26,45
210622,64692.21893,15,44,17,33,22,46,23,53
210622,64718.55374,26,43,23,45,32,49,30,49
210622,64724.75966,23,39,15,43,25,41,27,45
210622,64726.32839,15,35,13,32,16,41,24,35
210622,64730.00125,28,42,20,47,31,50,32,48
210622,64734.16054,2,23,4,23,11,23,8,32
210622,64735.76335,16,37,17,39,20,41,28,39
210622,64738.75222,19,35,14,35,19,49,26,40
210622,64742.3006,3,21,0,21,7,24,8,25
210622,64743.07656,13,34,10,31,18,38,20,37
210622,64749.82405,27,47,24,47,33,48,30,60
210622,64755.87838,10,38,9,38,16,33,19,35
210622,64768.4159,4,20,0,24,7,25,12,26
210622,64784.26015,8,32,11,29,15,33,18,37
210622,64786.52281,4,20,2,18,7,25,8,27
210622,64800.1054,35,56,31,56,39,52,39,64
210622,64812.86658,26,39,20,41,27,50,31,49
210622,64820.45355,8,32,8,28,15,35,14,36
210622,64825.63531,22,42,21,40,24,49,31,51
210622,64827.17751,24,45,19,46,28,51,30,46
210622,64828.58063,32,46,25,49,33,47,35,50
210622,64840.71312,6,20,0,22,11,28,9,32
210622,64842.57219,10,34,7,51,15,40,16,44
210622,64843.06525,31,64,28,63,35,61,36,69
210622,64848.87153,14,39,15,36,21,41,23,47
210622,64853.32084,0,20,2,21,6,22,7,34
210622,64854.92693,7,26,4,28,9,35,13,34
210622,64872.1994,19,-1,20,58,25,57,33,49
210622,64894.0242,25,43,22,44,28,50,31,51
210622,64905.35454,29,44,22,45,34,48,33,56
210622,64906.06975,20,46,16,38,25,43,25,49
210622,64910.67743,5,23,2,21,7,29,10,31
210622,64926.77201,12,32,9,32,19,34,19,42
210622,64941.24794,24,44,18,46,27,45,28,48
210622,64948.72936,32,46,23,52,33,48,35,55
210622,64962.29891,7,29,6,27,12,30,16,34
210622,64968.22478,19,40,16,36,22,42,26,42
210622,64970.23383,11,36,9,34,16,33,19,35
210622,64972.40108,29,47,26,48,31,58,36,54
210622,64981.74596,18,39,13,39,22,39,25,38
210622,64984.70254,28,44,28,48,34,49,36,58
210622,65015.77299,33,55,30,56,39,64,41,68
210622,65020.2258,22,49,22,45,30,46,30,47
210622,65027.13428,17,32,13,32,17,39,24,36
210622,65033.08974,5,26,2,36,10,27,10,31
210622,65035.85553,24,54,19,57,31,51,33,46
210622,65041.52836,8,22,1,24,8,27,13,30
210622,65048.56574,2,20,0,17,7,19,8,29
210622,65072.01465,19,42,15,39,23,49,26,55
210622,65086.33975,20,38,15,38,24,46,27,51
210622,65087.25065,15,60,17,56,31,-1,36,-1
210622,65089.53387,8,31,8,27,15,28,14,36
210622,65101.25435,16,33,12,31,19,38,23,34
210622,65105.24304,26,44,22,43,29,51,31,49
210622,65108.56383,29,44,27,47,33,47,35,53
210622,65113.63989,15,30,11,29,19,33,17,37
210622,65117.68642,22,43,20,42,26,45,31,46
210622,65120.29856,14,34,15,36,20,40,21,42
210622,65130.92431,2,22,0,24,4,26,12,25
210622,65150.00344,13,31,11,30,19,33,19,40
210622,65154.29439,7,32,11,31,13,34,21,33
210622,65160.68327,14,29,11,34,19,37,18,39
210622,65167.29312,0,27,2,26,11,36,14,39
210622,65175.47695,13,39,16,34,21,37,24,38
210622,65177.71121,19,39,14,40,25,37,24,47
210622,65177.89586,25,47,24,43,33,46,33,53
210622,65190.1851,14,35,14,20,19,33,19,44
210622,65196.28087,16,36,11,50,14,-1,15,-1
210622,65216.42261,33,47,24,50,33,53,36,57
210622,65222.48486,33,64,28,73,37,65,40,67
210622,65225.13926,16,35,11,31,18,34,23,38
210622,65241.93072,3,24,0,23,8,29,11,27
210622,65244.40421,15,31,14,31,19,43,21,45
210622,65253.26532,21,37,16,38,24,40,25,44
210622,65258.78672,27,53,30,50,35,54,37,56
210622,65258.95747,16,45,13,50,21,45,23,45
210622,65274.97934,24,39,17,50,28,43,30,48
210622,65280.27387,28,46,23,47,31,46,33,52
210622,65280.32739,11,27,9,30,16,37,16,36
210622,65289.95127,5,17,1,21,8,28,9,33
210622,65301.19625,4,39,5,29,13,32,15,37
210622,65315.54475,24,50,27,46,30,50,33,58
210622,65319.01657,5,21,1,25,10,26,9,31
210622,65320.59883,31,42,24,47,32,53,34,50
210622,65326.26156,30,47,24,51,33,49,37,53
210622,65333.53161,14,24,5,33,17,30,18,35
210622,65338.07454,10,30,7,28,10,38,18,38
210622,65348.25428,30,47,25,49,32,57,35,59
210622,65358.0708,8,28,7,24,13,31,14,37
210622,65363.54058,16,28,11,38,20,39,22,32
210622,65364.34628,18,34,16,33,22,40,24,41
210622,65365.89155,6,27,7,28,13,31,12,39
210622,65411.04416,17,37,12,39,23,36,19,52
210622,65414.44338,24,44,20,42,30,46,29,51
210622,65421.98571,14,28,9,33,14,37,20,42
210622,65423.78252,13,37,9,29,10,-1,12,-1
210622,65432.39975,26,42,24,43,30,44,32,49
210622,65437.25365,9,28,9,28,17,34,16,35
210622,65441.67793,17,33,7,26,20,39,22,40
210622,65463.72805,20,37,15,34,25,36,26,41
210622,65475.42637,32,50,29,48,35,57,40,57
210622,65479.09131,9,26,6,28,14,28,14,32
210622,65483.23181,21,38,17,44,25,42,27,48
210622,65483.5964,12,51,11,46,19,38,18,42
210622,65488.38098,6,31,3,39,16,28,11,33
210622,65488.98276,24,42,20,45,28,45,31,50
210622,65489.75628,30,56,28,51,37,51,38,56
210622,65497.93758,2,21,1,22,6,26,9,23
210622,65529.94875,29,51,30,51,37,49,35,58
210622,65539.71226,30,56,27,67,32,-1,34,-1
210622,65541.5973,12,29,10,30,17,34,20,38
210622,65555.4327,23,42,20,40,26,46,30,47
210622,65568.85734,8,29,2,25,12,29,11,33
210622,65579.678,12,28,6,30,15,33,18,32
210622,65582.57397,31,49,28,49,36,51,37,55
210622,65587.13821,6,24,5,22,13,27,11,27
210622,65596.60717,15,36,11,33,21,39,21,44
210622,65600.60444,23,39,18,36,25,46,28,50
210622,65601.80669,12,31,8,34,20,30,16,38
210622,65605.14959,9,27,5,23,16,27,15,33
210622,65611.03319,20,40,15,40,26,42,26,43
210622,65617.21203,20,41,17,41,27,38,24,47
210622,65624.94187,25,47,28,46,32,50,36,53
210622,65629.38671,11,35,9,35,12,40,14,37
210622,65636.96324,31,47,30,48,34,60,37,57
210622,65641.52622,31,44,25,45,33,47,34,56
210622,65644.66152,0,18,0,16,6,25,4,38
210622,65649.01247,3,20,2,26,11,22,8,33
210622,65651.03808,32,55,30,52,38,54,40,60
210622,65664.49677,30,55,25,54,37,50,38,55
210622,65667.02221,9,29,6,26,14,30,14,33
210622,65670.22668,16,32,12,36,19,37,22,41
210622,65670.56514,27,46,20,56,31,50,33,46
210622,65672.82727,9,36,7,39,16,34,16,38
210622,65691.40722,28,47,20,53,34,47,32,52
210622,65694.27514,3,-1,3,43,10,38,12,36
210622,65704.62444,21,38,18,41,29,40,25,43
210622,65717.20301,32,47,25,54,33,54,38,57
210622,65725.30898,21,42,13,44,24,45,25,43
210622,65733.74099,5,21,2,19,7,25,11,28
210622,65737.73851,28,48,25,46,31,62,33,60
210622,65745.30346,24,37,16,45,25,44,28,46
210622,65766.37255,10,28,5,28,11,33,16,37
210622,65769.64149,34,64,29,77,37,71,37,76
210622,65782.62871,10,33,7,26,15,30,14,37
210622,65786.15092,29,44,24,46,33,47,28,56
210622,65790.75292,5,23,3,26,11,29,13,28
210622,65794.04372,20,38,17,26,22,43,25,45
210622,65795.51678,8,29,9,33,13,35,17,33
210622,65812.88815,9,30,7,31,13,31,19,31
210622,65816.29944,36,49,30,52,38,51,41,55
210622,65820.71165,25,44,23,47,29,53,31,52
210622,65833.96426,5,22,2,21,9,25,11,29
210622,65860.60317,14,40,11,39,17,44,20,46
210622,65863.98691,6,20,0,19,3,29,8,35
210622,65867.61151,22,43,17,46,27,44,26,50
210622,65873.8632,2,27,1,20,7,26,10,26
210622,65877.07141,29,60,27,58,32,60,36,60
210622,65886.85619,14,31,12,33,21,34,16,45
210622,65888.02201,28,53,27,50,33,51,37,55
210622,65892.17943,11,28,7,28,14,30,16,38
210622,65895.94947,20,37,17,37,25,41,24,43
210622,65902.37186,33,49,29,48,37,51,38,56
210622,65903.05936,21,63,22,56,28,55,33,53
210622,65904.92518,30,49,27,48,34,51,35,53
210622,65917.82458,23,43,20,40,24,49,31,47
210622,65928.81634,26,42,20,42,29,47,33,54
210622,65936.67857,0,28,4,22,11,25,9,28
210622,65950.64954,4,25,2,26,10,30,11,35
210622,65955.2826,3,21,0,20,5,27,11,27
210622,65962.56894,7,42,2,42,10,40,12,-1
210622,65965.63236,11,33,11,29,18,36,21,37