mergedTuple,Entry,KE (MeV),px,py,pz,KE,px,py,pz
76,2,4316,356.52,514.94,4375,131.51,249.01,-245.41,376.54
76,3,4921.33,301.47,626.48,4976.91,157.04,-318.65,-397.75,243.96
76,5,4971.76,-365.14,-485.32,5039.21,228.71,264.08,517.09,379.81
76,6,5922.82,440.16,-368.77,5999.49,342.3,-399.29,590.36,501.37
76,8,3244.31,-246.44,418.85,3312.2,238.56,203.46,-572,368.61
76,9,6228.24,492.21,-368.39,6302.45,236.15,131.68,540.2,435.47
76,11,5468.69,524.16,-325.97,5538.41,188.28,-516.5,234.75,258.42
76,15,3652.1,296.23,378.83,3724.72,177.71,-28,-449.79,402.34
76,16,4749.98,-357.32,-46.22,4840.45,227.5,611.8,172.37,273.03
76,18,3023.89,-342.94,-181.46,3102.97,122.6,267.46,148.77,389.06
76,20,5229.85,-423.6,356.22,5305.02,192.07,237.32,-457.77,362.41
76,21,2683.49,177.76,-508.13,2734.02,222.78,298.46,117.87,603.82
76,22,4918.64,59.51,483.02,4998.91,150.81,-178.18,-460.89,247.97
76,27,5064.44,-13.81,454.23,5148.36,154.37,-10.13,-229.05,510.75
76,28,5928.12,509.58,-395.87,5997.6,222.46,25.08,95.48,676.07
76,30,3932.19,358.97,-617.48,3972.12,215.37,-164.29,553.43,342.27
77,0,2390.17,-403.58,-292.52,2442.63,259.77,689.6,195.54,202.55
77,0,2705.76,-419.53,148.09,2773.34,306.66,633.94,-204.15,475.15
77,0,3099.6,-358.87,-342.23,3164.26,299.88,650.55,365.58,309.25
77,0,4495.19,423.88,-441.85,4558.05,170.33,-31.83,382.57,448.53
77,0,4590.94,-340.56,22.88,4682.34,146.25,398.41,160.58,333.53
77,0,3161.92,-403.98,-139.95,3237.12,214.03,558.53,-198.99,309.49
77,0,4929.48,676.93,102.48,4986.6,316.99,-315.91,-494.39,592.4
77,0,1867.03,400.61,201.31,1917.51,300.64,322.19,30.22,741.39
77,0,5741.38,569.92,-325.15,5808.5,294.5,-493.68,-338.58,529.97
77,0,4953.93,-342.11,77.97,5045.65,154.96,492.84,-133.81,232.19
77,0,3173.93,-301.15,61.74,3262.8,222.32,530.75,24.97,429.17
77,0,4004.75,-561.69,350.91,4054.67,167.84,155.11,167.66,539.31
77,0,5074.44,465.33,308.87,5148.17,361.11,143.7,-520.03,718.86
77,0,3222.74,708.36,30.41,3249.64,192.75,-569.64,-25.13,271.34
77,0,4209.92,434.3,437.49,4269.36,227.39,-316.41,-223.81,572.79
77,0,227.39,-316.41,-223.81,572.79,240.03,-122.09,597.49,368.79
77,0,240.03,-122.09,597.49,368.79,370.28,-648.48,-350.76,536.84
77,0,3081.27,348.2,506.74,3124.62,217.34,-239.18,-532.8,337.47
77,0,2688.47,-205.3,-355.4,2761.16,1271.43,-147.12,-254.69,1978.69
77,0,5298.32,541.73,-357.89,5363.14,364.6,-284.26,351.67,782.6
77,0,364.6,-284.26,351.67,782.6,254.53,204.63,653.85,269.99
77,0,3744.82,-271.51,-575.24,3795.45,151.62,214.37,3.86,511.34
77,0,4834.97,-166.3,468.63,4913.76,165.21,-461.06,-161.72,313.85
77,0,6526.69,0.79,-608.39,6602.89,147.36,-129.75,324.11,419.87
77,0,4632.82,-556.66,380.95,4688.38,130.31,-358.48,271.39,243.49
78,0,3685.62,-119.34,-526.3,3750.54,232.44,-284.02,639.57,19.38
78,2,2859.57,453.63,39.67,2927.5,280.8,-673.32,70.7,383.77
78,4,5974.95,175.74,401.51,6063.23,188.1,-354.52,-287.79,423.97
78,8,3468.45,419.91,125.37,3544.92,258.11,-436.43,61.7,597.13
78,10,4748.23,-374.3,-98.19,4836.64,218.07,545.97,166.53,361.73
78,11,5616.13,136.59,435.78,5701.91,134.7,-235.49,36.74,462.63
78,14,4743.1,-461.36,-71.78,4824.42,304.78,315.62,-82.8,747.12
78,15,4023.53,-194.48,452.12,4097.75,148,232.07,-431.44,244.04
78,16,5890.7,709.59,28.93,5952.56,305.9,-670.72,-75.86,460.26
78,19,6346.25,512.37,316.99,6422.2,279.26,-621.98,-357.64,295.15
79,0,4374.83,-400.03,303.85,4450.34,339.16,742.15,63,443.32
79,1,6377.27,-258.52,394.69,6464.22,162.53,308.6,-354.61,332.16
79,3,5247.57,-202.01,-520.04,5322.38,379.18,119.54,657.15,639.52
79,4,3964.92,-499.26,-179.39,4033.83,280.05,506.33,339.01,482.18
79,5,1849.41,-360.36,188.6,1908.74,312.83,18.39,84.99,822.9
79,7,3797.55,389.27,403.46,3860.64,277.94,-135.18,-476.04,594.79
79,8,5901.19,414.66,281.17,5984.34,261.36,52.62,-627.56,402.52
79,10,4213.9,519.66,-435.5,4264.05,222.49,-518.68,284.84,341.64
79,11,2882.4,443.58,827.38,2834.12,230.04,-356.94,9.12,597.47
79,15,2247.76,-263.57,-511.13,2278.97,327.69,78.94,412.51,738.73
79,16,4156.39,-234.12,144.98,4251.19,162.25,372.47,-295.43,323.57
79,17,5801.84,221.03,425.84,5886.39,216.59,4.79,-413.74,531.06
79,18,3437.78,536.84,-62.79,3499.74,244.57,-393.35,-167.21,579.61
79,19,3473.91,-22.29,312.49,3563.63,250.51,279.28,257.89,623.06
79,22,6325.48,632.46,58.39,6398.18,402.03,-424.75,40.65,856.6
79,23,4789.14,-435.17,61.25,4873.24,215.81,-33.31,-184.41,645.23
79,24,5301.4,516.96,-443.63,5362.29,245.85,-385.34,239.37,562.02
79,25,5528.13,480.51,484.8,5590.63,316.75,-461.01,-407.61,562.02
79,27,5965.26,159.77,439.52,6051.31,215.68,-134.21,-459.86,470.79
79,28,6215.47,359.74,-508.75,6288.8,211.38,-356.04,486.18,279.44
79,30,3059.19,523.66,395.62,3093.59,122.73,-411.01,-34.35,274.22
79,35,5739.34,-90.08,-414.3,5827.99,243.39,12.49,622.19,358.54
79,37,3893.5,-336.02,358.12,3966.84,134.26,227.96,-31.21,465.78
79,38,3438.29,-151.68,296.57,3526.03,225.59,358.53,-532.75,248.48
79,39,3504.93,-406.39,-89.25,3584.33,197.86,593.62,49.43,235.6
79,42,5640.8,-642.24,-148.52,5706.9,179.32,-28.8,506.07,334.11
79,44,4660.01,-430.57,-462.72,4721.73,251.65,286.59,-99.93,665.82
79,45,5925.35,-152.19,742.01,5981.67,247.11,200.01,-369.22,590.19
79,46,5582.44,408,-417.57,5656.43,261.85,-311.58,556.42,391.3
79,47,3721.24,-238.32,342.96,3801.93,246.45,469.65,-467.53,289.72
79,48,5947.79,18.81,-555.07,6026.34,146.76,134.05,316.75,422.57
79,49,4364.08,-252.43,348.65,4447.06,146.2,8.42,-135.3,526.56
80,2,3011.34,-444.43,316.9,3066.37,137.17,111.77,257.15,444.43
80,3,4603.53,720.55,-69.15,4651.37,235.94,-136.37,407.74,559.87
80,4,2197.03,-512.58,423.16,2201.48,429.36,17.55,616.08,781
80,5,6531.3,402.11,-301.23,6616.42,702.21,-400.22,409.61,1217.58
80,6,3907.04,697.66,-65.69,3948.97,253.21,-521.59,207.43,473.35
80,7,3792.09,-367.96,510.7,3844.48,227.29,0.16,235.86,649.94
80,8,7445.53,456.62,-162.3,7534.23,208.41,-457.17,366.82,301.42
80,9,3151.52,-267.89,371.71,3222.42,207.28,360.26,-435.23,335.57
80,10,2850.02,362.86,468.33,2893.12,306.28,-688.82,-335.26,285.49
80,11,2740,264.85,-520.48,2782.44,194.67,132.03,26.83,620.44
80,13,3303.7,-489.1,336.93,3354.92,225.63,277.34,-447.45,443.91
80,14,198.04,-16.01,-49.5,279.47,262.76,215.36,511.37,504.09
80,15,4964.62,-497.01,-210.83,5039.7,4964.62,-497.01,-210.83,5039.7
80,16,3713.05,481.85,445.99,3759.71,349.12,-595.93,-512.73,398.52
80,17,3012.3,-393.05,364.69,3069.04,125.03,142.66,302.42,372
80,18,4805.31,-299.74,-595.85,4863.66,238.08,167.51,303.19,619.13
80,19,3213.87,-148.43,-418.4,3287.37,170.48,14.58,383.87,448.68
80,20,4772.86,-365.69,-459.15,4841.27,147.27,-8.15,443.34,318.36
80,21,4735.24,381.14,345.5,4811.68,152.72,-412.62,-140.94,345.98
81,0,7327.05,119.14,-749.8,7392.42,321.99,-19.39,692.78,476.89
81,1,3232.35,-432.42,191.44,3302,140.56,461.11,-73.95,255.66
81,2,4337.99,-300.57,-234.47,4425.36,231.04,428.4,-32.87,549.72
81,3,4900,499.16,309.15,4969.34,220.19,-514.31,-313.06,314.71
81,4,4640.53,-67.34,-479.52,4719.6,233.13,70.12,646.62,262.07
81,5,3988.48,217.05,423.37,4064.38,274.9,113.9,-219.57,728.08
81,7,3514.36,-300.07,-485.21,3572.58,343.28,431.66,573.76,496.29
81,8,1935.77,407.43,-181.86,1988.63,234.09,-616.94,227.23,248.43
81,9,4970.15,-369.75,-538.38,5031.85,234.53,348.76,569.17,222.25
81,10,5342.76,700.06,17.81,5401.54,295.51,-6.97,403.59,691.92
81,15,4898.95,-248.37,535.95,4967.85,142.24,32.96,-269.9,461.67
81,16,2214.2,130.79,525.36,2252.67,148.11,-9.68,-305.34,454.38
81,19,6082.62,424.76,-248.91,6167.11,171.5,-327.8,334.22,363.31
81,20,3519.88,-321.85,-515.64,3572.01,173.5,343.33,407.09,268.33
81,22,1750.54,-512.7,-273.35,1759.1,222.45,465.07,166.48,472.01
81,24,6474.94,136.55,-461.52,6561.47,202.8,270.51,453.42,377.9
81,26,4635.96,0.75,-670.23,4692.18,189.92,135.03,525.07,313.72
81,27,4541.36,-436.96,5.76,4624.57,213.66,577.96,-230.61,243.43
81,28,4649.31,-431.01,472.88,4709.89,139.84,239.55,-104.2,462.21
81,30,6223.78,-39.71,487.45,6308.98,246.65,217.61,-501.5,474.02
81,31,3292.9,442.95,-52.28,3366.86,193.39,-112.27,-249.02,570.59
81,37,4003.66,-478.57,124.2,4077.45,344,770.07,-93.16,402.48
81,39,6478.86,157.5,-591.33,6554.52,263.9,-74.71,646.69,375.4
81,40,2982.53,467.79,-54.72,3049.59,196.83,-430.23,119.16,456.84
81,43,4859.61,-465.94,-291.07,4933,340.78,401.98,427.74,641.01
82,1,2519.27,479.23,-326.09,2557.29,150.68,-427.45,106.91,333.51
82,3,6219.88,652.15,127.47,6289,218.34,-569.02,20.32,364.8
82,5,5435.51,-198.16,587.33,5504.72,423.59,-95.47,-762.42,619.43
82,6,6150.11,-8.65,487.78,6235.17,209.9,114.81,-352.38,548.15
82,8,4630.12,366.88,-218.45,4714.66,111.12,-184.41,325.28,284.59
82,9,4551.99,-517.46,-444.13,4605.59,499.99,91.1,651.11,869.32
82,10,3584.25,-620.69,274.29,3624.78,345.96,197.83,-15.98,854
82,11,4565.67,143,-742.54,4607.86,417.65,-133.81,860.78,446.22
82,12,4565.67,143,-742.54,4607.86,417.65,-133.81,860.78,446.22
82,13,3748.94,248.28,-381.07,3825.57,274.67,-314.87,463.9,525.72
82,14,4250.96,511.6,-76.89,4323.86,314.37,-528.84,-76.85,634.83
82,16,2757.36,-629.93,-6.59,2790.2,348.38,-275.99,26.01,835.52
82,18,2785.6,372.19,562.98,2808.74,167.3,-393.09,-287.8,323.26
82,20,1849.4,-123.64,-473.42,1889.24,390.43,294.71,78.42,889.87
82,24,7173.5,630.42,246.85,7246.19,448.98,-521.02,-342.79,809.25
82,26,5471.86,533.41,163.36,5547.89,158.98,-508.01,148.36,208.4
82,27,5306.11,571.45,7.71,5379.82,82.91,-139.28,-123.31,357.5
82,28,4447.16,679.95,274.96,4491.46,261.67,-638.88,-231.2,312.63
83,0,2442.1,-501.87,83.66,2493.55,220.24,364.34,133.46,557.79
83,1,3919.1,246.48,549.03,3977.45,239.82,-128.64,-553.41,429.65
83,2,5873.97,354.96,396.56,5954.31,153.24,272.82,-338.57,349.15
83,3,1776.51,457.53,309.14,1795.59,149.17,-259.55,239.77,420.98
83,5,4620.5,-421.62,-28.74,4705.4,144.91,361.97,226.93,332.18
83,6,1779.77,429.22,398.2,1788.44,205.87,-289.38,-419.28,411.17
83,8,4470.1,-410.55,243.44,4548.92,274.01,622.73,-234.14,382.76
83,9,6143.05,575.73,-208.77,6217.08,239.48,-554.96,226.27,383.98
83,11,3360.48,-367.32,101.81,3442.85,154.37,291.14,-215.87,426.69
83,12,8105.77,492.53,180.99,8193.31,262.09,-456.35,122.45,580.62
83,21,4626.38,562.84,210.73,4691.88,393.73,-343.55,-362.52,802.64
83,22,5859.37,-321.71,-358.29,5943.97,205.75,428.77,-186.14,458.07
83,23,6464.48,203.07,-447.22,6550.25,339.28,-448.62,359.65,648.83
83,24,2043.89,111.11,-397.58,2106.25,181.23,-57.81,348.66,497.92
83,25,2801.74,490.29,-361.08,2840.31,191.37,-370.49,401.47,311.74
83,26,1989.1,-514.94,-260.37,2010.29,190.42,505.82,-240.96,282.11
83,27,2976.44,-545.03,92.88,3029.62,247.47,646.02,25.55,327.89
83,28,3155.99,-77,-456.29,3226.28,182.35,-329.76,6.35,516.29
83,29,347.48,-678.42,-85.63,552.29,3239.81,645.75,-215.09,3273.15
83,30,3825.56,347.93,407.92,3892.41,205.68,-378.77,-345.42,406.68
83,31,3436.2,-364.11,-179.75,3516.28,129.24,409.97,164.62,252.94
83,32,5744.91,642.16,58.67,5813.31,361.11,-609.49,-23.83,660.14
83,34,2669.42,185.75,498.26,2720.96,329.2,-102.4,-527.81,660.97
83,40,5091.6,580.12,-361.81,5150.36,386.2,-581.39,512.61,522.38
83,41,1957.75,133.12,-659.84,1947,262.85,-279.68,615.2,324.81
83,42,5764.39,403.82,413.4,5839.92,238.55,-445.38,-461.94,304.45
86,0,4503.58,-433.39,112.47,4585.57,4503.58,-433.39,112.47,4585.57
86,2,2743.16,222.61,525.29,2788.46,191.42,-177.26,-482.08,363.2
86,5,1934.19,454.36,-183.17,1976.68,174.27,-513.73,-88.14,292.61
86,7,2789.48,-294.39,482.11,2836.88,149.96,138.79,-467.04,257.74
86,8,3671.37,-182.73,172.11,3766.55,869.01,238.21,540.48,1427.09
86,10,2358.49,371.89,-213.04,2423.65,454.58,-800.19,446.21,469.06
86,11,2586.38,617.78,315.8,2598.3,113.69,-351.78,130.5,292.26
86,14,6463.82,667.37,-149.54,6532.28,122.47,-295.23,92.21,386.13
86,15,3922.13,-335.88,630.62,3961.85,239.12,341.23,-453.02,429.06
86,17,3864.58,315.9,-408.48,3934.45,164.64,-4.55,510.68,274.16
86,19,5010.81,285.76,655.39,5064.51,237.61,-269.95,-539.26,372.2
86,22,3393.68,486.02,244.93,3454.5,218.9,-385.96,-241.98,501.06
86,24,5163.24,-119.85,597.13,5231.86,277.76,131.64,-588.04,484.88
86,27,5301.64,-481.53,-119.84,5382.79,226.14,170.16,26.89,667.61
86,28,3481.72,488.23,315.21,3537.77,181.29,156.37,20.19,590.01
86,29,3311.03,-372.06,151.75,3390.69,263.28,661.99,-158,316.27
86,31,2490.84,487.06,-231.03,2537.07,216.18,-448.38,19.44,500.86
86,32,5949.95,198.14,-533.54,6027.23,330.36,-415.79,204.04,717.2
86,33,3685.1,-243.22,-375.14,3762.17,326.04,580.54,362.04,499.86
86,35,5562.46,-230.52,-369.92,5649.7,298.84,425.81,275.06,626.87
86,36,6085.88,670.44,41.88,6153.43,211.66,-186.13,479.13,421.49
86,37,3843.25,197.84,-410.72,3920.43,123.05,-90.16,419.83,248.16
86,38,5535.58,472.58,143.27,5617.94,305.71,-80.54,280.54,762.74
86,39,4672.59,557.18,-310.85,4733.63,123.48,-357.79,221.35,264.37
86,40,2796.99,-448.43,-148.52,2861.35,173.54,234.57,346.45,425.01
86,43,5965.8,484.2,380.49,6038.58,109.17,-93.02,-318.73,326.31
86,44,6529.26,641.66,-84.51,6601.78,207,-528.62,230.74,313.86
87,0,6219.11,431.49,-177.76,6306,309.33,-754.9,178.3,272.65
87,1,2676.52,571.07,255.77,2708.19,187.86,-155.81,-254.43,546.55
87,3,3730.08,319.14,-513.64,3785.65,270.53,-524.69,445.43,327.11
87,4,3627.31,489.28,-52.56,3698.24,170.65,-505.1,104.47,288.47
87,5,5378.56,44.09,752.62,5430.47,161.39,104.3,-445.33,345.86
87,6,5448,0.22,599.11,5519.59,191.62,-90.25,-340.35,521.73
87,7,4312.47,-446.23,444.16,4371.11,393.08,707.29,-160.89,604.79
87,8,5568.19,633.08,81.98,5636.18,178.21,-412.12,130.74,423.26
87,9,3049.16,162.02,451.55,3115.7,141.5,-56.63,-457.92,269.41
87,10,5103.65,-96.02,-576.17,5174.73,234.84,24.1,503.53,491.51
87,13,3422.93,94.17,542.46,3483.12,252.43,66.37,-119.47,720.13
87,14,1626.99,-58.55,-560.67,1634.31,633.98,493.41,529.86,1032.99
87,17,5538.1,-37.41,-629.2,5606.8,153.04,49.02,459.5,311.43
87,18,6460.56,69.39,-599.87,6536.89,370.88,69.11,319.81,852.22
87,20,3849.93,192.53,-494.68,3917.74,211.38,-193.84,393.74,498.63
87,21,3975.39,-539.94,-371.07,4026.08,212.92,-459.02,-163.36,455.4
87,22,4713.46,98.21,-531.91,4786.85,150.51,-401.34,-150.46,348.29
87,23,3508.69,-390.02,280.04,3580.11,284.94,584.4,-388.73,350.85
87,25,2386.85,640.01,146.14,2401.53,211.59,-302.45,-257.88,532.67
87,26,4884.91,-482.37,164.56,4962.7,137.35,288.3,-348.29,268.54
87,28,5929.12,-200.91,574.49,6002.44,176.01,-89.37,-126.56,580.67
87,30,3040.3,177.83,401.04,3112.79,208.72,88.51,-250.69,603.7
87,31,5979.75,-63.15,56.02,6083.26,253.62,-537.3,35.34,500.18
87,33,2709.17,228.09,-409.37,2772.89,206.82,-335.82,516.45,226.45
87,35,5552.59,-174.16,618.56,5619.99,165.89,273.52,-452.62,243.01
87,38,2967.75,-283.73,-498.17,3016.96,130.25,203.89,405.24,235.63
87,39,4758.88,654.93,-218.65,4813.47,90.6,-232.02,-87.16,341.67
87,41,5898.37,398.86,-457.33,5971.7,351.11,-322.36,711.43,414.62
87,42,3655.93,272.38,526.59,3712.43,214.65,-123.99,-565.36,337.27
87,44,2844.59,-43.63,606.9,2884.24,432.51,538.78,-648.93,535.79
87,45,4715.49,396.55,-542.96,4772.22,199.7,-372.39,475.06,223.98
87,46,2699.91,313.95,-490.16,2741.84,216.99,-269.72,515.3,340.42
87,49,3509.61,-462.07,409.19,3559.97,149.15,77.41,-402.93,365.65
87,50,3837.12,63.97,-476.21,3911.32,155.41,-158.92,233.7,485.63
88,0,6553.66,455.44,288.88,6635.95,326.27,-538.56,-417.35,504.28
88,2,2843.03,-117.03,439.66,2910.82,281.01,-107.76,-448.03,627.54
88,4,5986.04,286.96,454.65,6066.35,214.59,-485.27,-329.37,323.49
88,5,5822.1,-331.9,-542.56,5891.94,304.79,298.3,686.48,323.2
88,7,152.26,412.22,179.17,326.81,176.9,253.05,-380.74,392.64
88,11,4721.54,26.6,-586.26,4789.58,118.85,-66.21,403.62,264.17
88,16,5588.68,-318.06,453.81,5665.67,183.31,256.37,-333.04,448.16
88,18,5793.88,-106.04,-475.54,5877.79,264.98,143.76,496.12,548.19
88,20,3834,657.24,-29.46,3882.25,218.62,-383.76,-217.39,513.21
88,23,5943.08,604.59,-149.85,6015,275.82,-242.13,-135.62,718.67
88,25,1726.03,555.87,56.63,1740.53,185.57,-451.62,1.23,422.61
92,1,3864.86,24.19,-363.62,3951.7,353.52,147.9,535.32,692.63
92,2,4425.04,517.94,101.23,4497.97,206.91,-475.37,16.04,452.47
92,4,5470.79,-520.56,125.65,5549.02,288.44,613.73,-83.32,490.61
92,7,6088.61,483.3,-119.76,6172.68,180.21,-519.97,-116.76,294.19
92,8,3132,674.39,177.07,3159.26,364.86,-660.96,50.08,615
92,9,2837.8,-248.16,79.26,2929.37,248.94,218.7,-297.32,626.69
92,11,2811.42,600.2,-373.52,2827.49,168.35,-498.46,-236.79,199.08
92,14,2302.79,130.28,644.03,2314.02,447.46,-186.63,-557.6,833
92,15,5269.02,-156.86,348.89,5359.36,1248.04,-57.65,128.22,1969.56
92,16,4837.73,-403.67,-76.49,4924.5,257.33,538.78,285.2,421.14
92,17,2594.84,426.68,477.4,2620.71,266.61,-628.33,145.02,394.22
92,18,4920.89,-344.95,581.69,4979.07,282.01,401.37,-526.49,412.66
92,19,1967.59,-551.64,138.8,1990.23,276.78,-57.51,169.56,750.85
92,22,5087.18,569.87,299.71,5151.03,157.53,-521.8,-89.75,200.05
92,24,7344.76,474.94,-577.23,7411.42,316.28,-429.86,612.78,364.81
92,25,3576.21,252.37,-778.01,3587.66,462.75,-309.42,163.72,979.65
92,26,6509.99,-722.52,-192.89,6571.74,171.38,246.92,28.81,537.66
92,27,3014.08,277.26,-409.63,3077.81,327.79,-122.07,293.17,788.37
92,28,635.85,187.77,58.08,706.54,561.51,-194.31,29.35,1153.29
92,30,1952.24,486.81,154.88,1990.03,303.08,-387.77,195.82,686.82
92,31,5873.98,571.89,175.14,5948.06,263.47,-606.19,-236.06,374.81
92,35,6264.19,218.58,-361.87,6354.28,1219.84,66.7,-110.43,1939.02
92,36,4405.45,151.43,537.48,4474.52,289.73,122.18,-485.11,614.18
92,37,1440.34,24.64,-62.57,1540.3,280.66,-73.96,320.43,705.08
92,38,4481.94,172.77,-631.94,4538.7,296.51,-136.16,697.33,373.32
92,39,5464.77,522.24,131.54,5542.68,205.13,-351.52,-36.32,549.56
92,40,2338.18,-143.08,422.34,2399.85,244.93,73.08,-578.43,423.73
92,41,4740.63,450.86,-157.42,4820.9,278.82,-582.3,36.45,510.31
92,43,5195.23,758.83,78.29,5243.99,349.71,-801.58,12.12,368.34
92,44,4357.68,-344.17,-90.29,4447.23,252.18,285.91,407.39,537.55
92,45,3613.86,-441.8,-57.56,3690.58,211.8,469.85,207.13,422.54
92,47,3860.84,-301.56,132.58,3950.74,179.04,532.54,91.21,275.7
92,48,4864.64,-217.73,407.44,4947,292.45,351.64,-409.81,585.3
94,1,3302.54,112.99,587.52,3352.97,146.01,128.24,-57.34,524.89
94,2,2846,464.57,239.21,2902.47,250.46,-616.84,60.52,385.29
94,3,3797.68,-621.4,210.32,3845.71,469.38,29.87,70.8,1046.41
94,4,5932.73,47.55,-432.11,6021.14,117.72,61.24,394.18,274.9
94,5,3456.59,-200.41,620.06,3499.89,310.81,144.74,-615.11,529.49
94,6,3923.32,-389.08,-51.92,4007.77,163.8,485.44,100.76,297.17
94,7,7450.76,622.5,11.5,7529.33,158.16,-372.9,185.46,385.05
94,8,4874.76,444.26,234.55,4953.25,118.19,-391.85,4.27,286.56
94,9,4622.96,-435.84,-87.68,4705.84,376.8,753.6,430.39,309.38
94,10,6309.86,548.76,-254.19,6385.43,277.3,-60.95,-260.25,725.03
94,11,5716.83,119.95,664.74,5781.56,209.58,-129.73,-485.62,429.46
94,12,5632.24,-71.6,489.24,5714.93,250.6,258.16,-538.22,420.24
94,13,3360.28,-164.37,-540.2,3417.36,208.55,277.98,514.59,304.39
94,14,4086.09,439.4,106.21,4165.31,110.29,21.1,-164.54,437.66
94,16,5504.03,645.21,138.19,5569.09,326.32,-657.97,-118.15,521.32
94,17,6448.06,416.87,-579.69,6513.19,274.43,-303.48,513.88,483.72
94,19,5790.6,-59.01,-656.38,5857.71,232.44,145.51,635.17,255.88
94,21,3747.23,469.23,-173.74,3818.15,125.57,-285.73,-119.43,394.26
94,22,4515.81,-475.35,-168.98,4591.99,199.98,507.37,245.14,312.46
94,23,3296.85,553.69,-192.76,3349.31,226.42,147.29,324.26,590.93
94,24,3881.62,-140.72,471.13,3954.79,116.78,131.78,-200.53,418.49
94,26,5352.83,-187.8,-422.83,5437.17,228.37,439.01,364.22,393.95
94,28,2574.5,-385.45,46.62,2649.14,313.75,-571.44,216.94,559.85
94,29,4488.38,504.02,275.2,4556.13,198.97,-490.94,-41.09,412.47
94,31,4650.23,258.55,484.2,4722.27,185.97,-396.2,-203.03,430.44
94,32,4563.24,-399.27,398.38,4632.85,457.5,644,-440.9,677.08
94,33,6216.84,564.69,427.94,6281.13,311.34,-592.68,-391.93,419.69
94,34,5773.94,465.77,401.13,5845.77,175.9,-560.76,-91.79,195.1
94,35,6954.03,147.96,-566.13,7033.96,204.63,-272.49,517.43,289.42
94,36,5489.92,-235.14,475.52,5568.73,187.1,191.77,-458.11,373.32
94,37,3502.36,570.94,-8.11,3560.33,199.3,-495.65,29.54,408.74
94,38,2906.52,334.6,306.98,2975.24,160.71,-507.05,-111.15,240.57
94,42,5281.37,-47.62,-492.7,5362.54,183,520.15,193.72,262.14
94,45,3790.49,-7.63,420.06,3871.35,160.61,89.47,-443.65,349.67
94,46,3768.15,-180.52,-406.94,3846.05,194.12,-515.26,-182.46,321.05
101,1,3745.65,575.19,226.82,3799.23,188.97,535.53,18.68,321.05
101,2,6114,561.64,95.42,6192,201.81,-420.34,176.46,459.9
101,3,4379.66,-520.38,-0.19,4453.13,231.99,257.82,9.3,649.98
101,4,5011.83,504.2,376.9,5076.88,310.93,-191,-506.03,622.44
101,5,4373.58,185.3,-703.93,4417.79,232.98,-225.91,616.87,244.5
101,6,5946.89,184.92,-474.44,6029.52,175.42,-210.57,489.38,275.71
101,7,5846.05,420.31,-372.6,5923.55,235.78,-491.2,312.54,398.69
101,9,6398.98,531.11,-193.21,6478.52,96.74,-23.05,-271.01,341.85
101,11,4349.98,-318.67,99.63,4441.21,179.82,498.95,-153.04,311.95
101,12,4154.52,505.75,-434.59,4205.69,221.15,-446.25,-145.49,493.42
101,14,3640.06,-405.61,150.13,3718.52,219.78,242.12,-364.69,518.65
101,15,6274.6,-101.5,532.27,6355.68,261.47,62.48,-592.49,451.6
101,16,5082.33,-456.1,-327.68,5155.77,339.02,504.45,499.65,496.8
101,17,4658.03,-414.53,42.88,4743.6,546.13,999.82,488.42,290.84
101,18,4611.65,250.12,-535.46,4678.3,363.84,543.02,-18.13,720.92
101,19,2131.94,-251.75,-210.66,2210.23,120.61,297.45,-249.16,300.43
101,21,5337,583.73,-252.57,5403.69,78.98,-162.39,42.2,355.32
101,23,3078.05,270.87,-457.82,3136.53,161.92,-118.6,308.94,469.54
101,25,2622.95,153.39,-419.27,2689.12,136.86,-201.02,430.65,222.74
101,26,5347.31,526.6,-156.49,5423.55,191.18,-526.26,99.68,329.12
101,28,6028.39,277.53,-646.93,6091.95,290.79,-506.49,334.96,511.22
101,29,4005.77,363.38,303.75,4082.04,165.36,-394.88,-263.86,334.68
101,30,6274.99,696.21,-78.08,6340.54,190.86,-573.01,-3.18,257.18
101,31,4424.59,199.93,-432.35,4503.25,282.06,-253.8,641.12,365.03
101,33,3160.48,-544.03,-273.92,3206.45,185.84,239.67,91.53,563.35
101,34,5686.41,-146.1,585.32,5758.95,124.14,253.63,199.66,379.62
101,35,5628.59,68.61,-637.61,5696.64,167.98,459.86,233.06,278.49
101,36,3580.28,-103.84,365.49,3664.14,117.29,-355.22,-138.01,297.58
101,37,4304.01,288.72,456.66,4374.53,211.44,-302.45,-409.36,426.97
101,39,5574.24,614.37,222.56,5640.55,317.68,239.21,698.34,389.87
101,42,2815.49,551.18,160.98,2861.56,296.13,-18.56,-335.25,728.35
101,43,3668.19,-484.02,-254.49,3731.88,383,502.22,494.66,606.87
101,44,4792.03,275.36,-447.8,4867.6,190.42,-90.03,295.73,545.82
101,45,1637.32,317.74,-191.76,1699.09,146.89,96.9,-391.73,366.47
101,46,5988.08,673.28,-61.21,6054.55,197.73,-536.73,134.25,322.41
101,47,3878.06,-317.14,204.65,3963.74,163.31,92.27,-268.71,502.31
101,48,1547.92,-365.98,-229.94,1591.95,263.18,42.85,321.86,676.43
101,50,6906.3,-126.04,-565.24,6986.56,130.85,353.58,-65.43,365.1
102,0,833.02,-237.89,-359.36,826.52,1126.4,-469.34,-708.98,1630.63
102,3,4717.14,-71.35,-438.8,4800.45,270.4,313.32,339.57,605.74
102,4,2800.8,-239.7,-294.59,2878.95,155.49,-383.51,-87.78,401.35
102,5,136.26,-150.47,114.2,107.23,272.04,-529.53,401.91,377.36
102,6,4291.33,-434.12,463.95,4348.9,194.27,284.64,-264.41,501.26
102,8,5586.64,-94.04,657.42,5651.78,173.47,-231.83,-451.43,313.03
102,9,1570.74,557.04,-144.54,1570.32,228.99,501.14,-217.56,428.42
102,10,4119.22,-251.56,-470.41,4189.08,217.91,277.88,516.21,335.55
102,11,5945.33,118.57,375.32,6036.6,248.13,-198.08,-287.16,636.67
102,14,6887.9,510.82,-508.39,6954.88,195.52,-369.33,415.76,309.45
102,16,3351.75,-217.04,-111.06,3446.55,152.58,400.57,-184.07,339.39
102,21,3981.13,-534.29,-265.05,4041.01,300.74,117.51,166.75,782.95
102,22,4852.78,-392.69,235.11,4935.49,178.03,330.62,-220.05,456.02
102,24,6477.52,508.06,-221.64,6558.3,147.32,-489.5,-51.15,236.31
102,25,2709.39,-529.79,198.35,2754.95,227.48,513.1,-174.33,429.92
102,26,4000.62,-323.45,60.37,4091.07,363.43,701,39.98,566.46
102,29,4354.81,-119.58,-488.26,4430.14,220.9,290.32,525.61,320.39
102,30,333.73,-175.95,-173.14,347.16,334.38,240.38,522.21,639.24
102,32,3569.47,-416.67,-86.7,3648.23,241.02,633.2,6.55,330.54
102,33,3429.61,-428.45,-439.65,3479.31,526.69,541.18,709.15,685.35
102,42,2642.11,553.44,-439.8,2652.52,220.78,-544.58,262.8,311.93
102,44,5651.2,336.82,-268.11,5739.11,158.96,-273.85,409.68,283.98
102,49,3790.47,427.29,237.63,3863.24,125.22,-375.25,206.76,258.9
103,3,2668.12,-300.29,-83.83,2753.53,178.32,536.39,0.19,280.38
103,4,6004,406.37,-532.46,6071.26,169.51,-164.94,198.08,529.42
103,8,4991.96,436.75,-330.1,5066.39,280.05,-414.78,403.21,518.83
103,15,280.05,-414.78,403.21,518.83,280.05,-414.78,403.21,518.83
103,28,5613.87,68.36,423.58,5701.79,5613.87,68.36,423.58,5701.79
103,36,5613.87,68.36,423.58,5701.79,5613.87,68.36,423.58,5701.79
103,41,4895.76,-408.41,-77.39,4982.35,4895.76,-408.41,-77.39,4982.35
104,0,204.03,593.09,-74.72,258.94,204.03,593.09,-74.72,258.94
104,1,3723.38,-468.24,-36.22,3798.02,353.53,648.74,126.07,592.84
104,3,5644.65,440.49,62.96,5731.44,435.58,-682.31,-209.69,705.24
104,4,5319.51,513.96,143.43,5397.18,132.96,-428.17,-108.45,268.39
104,5,3682.69,565.36,194.87,3738.71,236.34,-531.12,-269.63,380.05
104,7,6275.13,-389.16,-212.93,6363.82,119.89,400.65,24.3,279.61
104,8,4471.7,-273.21,290.35,4558.09,331.77,298.79,-621.76,506.56
104,9,6492.98,516.7,486.54,6558.86,253.21,-545.84,-298.85,389.71
104,10,4173.17,-516.03,-198.96,4240.97,109.47,300.42,197.65,296.72
104,11,4886.24,266.17,585.39,4948.53,178.46,-203.71,-479.6,308.42
104,12,4190.35,124.84,423.39,4271.31,280.54,602.52,-349.92,345.72
104,17,5190.01,472.39,363.13,5260.33,155.83,-437.09,-146.83,322.5
104,18,3603.53,142.16,515.29,3668.3,192.06,-255.19,-373.99,438.4
104,20,4052.59,-545.91,-135.79,4118.02,331.66,719.45,55.6,459.87
104,22,6568.68,590.14,-247.06,6642.11,122.83,-215.63,-190.9,403.2
104,23,5914.42,374.1,-536.25,5982.88,155.38,-246.3,403.27,303.89
104,27,5423.76,50.19,-505.66,5504.36,222.67,-502.72,208.79,413.5
104,31,5493.85,713.17,-115,5551.06,225.06,-621.88,24.24,292.48
104,32,3304.17,-497.86,88.95,3369.81,136.61,459.13,42.16,249.72
104,33,3498.22,568.94,-97.12,3555.15,296.73,-225.96,384.91,667.45
104,34,3920.73,429.51,-129.69,3999.27,308.2,-547.93,146.66,592.81
104,35,2669.47,-56.31,-471.68,2731.48,362.69,-177.18,488.23,736.33
104,36,5003.38,136.58,227.27,5100.41,210.31,-379.83,-58.33,539.54
104,37,5986.56,-249.23,527.83,6062.62,223.3,276.63,-539.68,317.8
104,39,5212.14,194.6,624.34,5275.73,314.41,-380.62,-356.24,645.69
104,40,3021.65,485.5,-98.93,3085.35,156.56,-517.73,-50.68,218.19
104,42,4532.59,675.32,-291.96,4577.66,127.48,-366.71,-204.63,281.14
104,44,4477.97,-507.73,-260.82,4546.07,259.96,688.28,126.17,256.16
104,46,5709.44,290.03,354.66,5795.41,194.91,-554.43,-163.53,263.66
104,47,5981.4,344.12,-620.32,6044,262.41,-368.55,559.99,334.24
104,49,6086.99,-354.49,469.06,6163.12,254.93,465.08,-410.86,397.64
105,2,4316.85,-338.39,463.6,4383.18,823.56,618.09,-713.04,1154.46
105,5,4083.96,584.33,235.03,4140.01,156.96,-347.91,-176.5,408.54
105,6,2745.48,-529.44,-163.74,2794.12,222.49,560.89,254.74,295.64
105,8,273.75,5.37,-155.54,328.94,288.01,-367.6,226.24,661.01
105,10,3010.01,173.6,-447.41,3076.03,483.03,675.3,-82.23,822.61
105,11,2005.31,452.53,-140.04,2053.77,212.65,-100.51,441.3,489.18
105,13,227.22,-23.37,-574.39,383.96,227.22,-23.37,-574.39,383.96
105,14,2304.79,-455.58,-169.41,2357.93,0.67,-60.95,599.56,
105,17,4024.02,465.42,-101.35,4100.11,147.69,-494.32,2.89,233.48
105,18,4611.38,41.3,457.34,4692.8,257.17,247.91,273.39,642.17
105,19,2510.57,-253.89,-529.11,2546.72,379.21,396.18,612.18,568.76
105,21,3136.52,674.16,143.63,3165.64,444.07,-634.98,-166.87,774.1
105,23,2604.12,-402.85,118.54,2674.32,339.95,666.33,-103.5,546.45
105,25,5561.93,200.38,602.43,5630.28,285.48,-154.49,-672.8,374.86
105,29,5309.57,-304.01,6.17,5405,220.56,519.88,119.3,421.79
105,31,3963.24,645.86,284.91,4005.15,312.01,-532.39,-44.8,630.25
105,32,2751.75,-537.03,-153.44,2799.66,129.17,344.95,-59.41,369.43
105,36,4665.29,48.11,-673.16,4721.14,359.96,153.19,463.14,752.93
105,40,3804.28,375.99,619.07,3840.16,276.07,-613.1,13.91,466.94
106,0,6429.09,484.88,-394.95,6503.25,128.51,-333.77,286.01,253.75
106,1,6465.49,180.16,655.18,6534.42,271.51,-13,-655.24,391.87
106,2,6146.97,539.96,206.63,6224.29,1465.44,191.14,73.15,2203.36
106,3,2631.28,-115.06,-148.23,2727.82,293.12,39.46,523.06,600.56
106,4,5427.89,-183.04,-543.43,5502.09,145.96,-95.65,80.83,528.63
106,5,2922.21,-355.06,402.01,2977.47,225.52,485.82,-228.27,431.05
106,6,4099.56,544.64,225.78,4161.69,184.89,-583.77,18.4,199.76
106,7,3282.77,-321.83,-238.06,3362.39,330.76,52.5,-224.41,822.67
106,9,3622.5,-35.12,-377.91,3706.64,133.61,360.7,-82.79,362.71
106,11,5963.73,-92.69,430.58,6051.82,303.62,73.96,-448.29,674.79
106,13,4536.88,-387.77,-769.12,4560.06,327.32,360.25,77.09,765.15
106,14,5171.04,487.08,504.75,5228.15,137.39,-230.16,-387.65,270.87
106,17,4802.18,341.75,253.49,4887.56,312.91,-716.51,-93.52,403.46
106,18,3770.84,-99.18,-541.46,3835.11,431.21,497.88,358.43,786.46
106,19,5754.88,-370.48,514.33,5824.55,333.88,513.84,-480.51,492.84
106,21,2407.98,-56.53,439.5,2471.38,140.35,23.95,-455.96,272.97
106,22,5257.92,611.62,-432.19,5309.33,192.7,-117.8,397.1,476.52
106,25,5605.24,-284.96,345.91,5691.65,136.13,-8.77,-440.84,281.94
106,28,6191.29,398.97,-348.13,6273.1,217,3.86,390.53,549.24
106,29,3825.9,326.66,-568.79,3874.37,280.59,-142,452.23,616.79
106,30,4510.56,-475.62,-96.38,4588.77,246.42,533.67,28.35,487.24
106,32,4825.1,-439.07,-109.28,4908.17,117.2,249.83,312.41,271.26
106,32,2747.88,1056.63,111.57,2645.56,1314.41,758.97,80.14,1900.28
106,33,2340.81,-337.16,-175.19,2413.84,163.41,89.34,54.93,567.68
106,33,1941.98,-367.35,-287.84,1990.3,131.44,370.74,252.59,250.19
106,34,5955.56,446.41,662.04,6006.81,309.18,-413.14,-582.24,407.35
106,34,2145.87,188.67,-372.34,2209.33,273,-157.38,619.09,422.67
106,35,4093.28,-375.27,204.61,4175.14,304.48,624.74,-245.1,462.09
106,36,3609.35,478.72,493.27,3648.68,256.21,-434.38,-454.7,388.4
106,37,4705.44,499.9,-303.9,4773.58,321.45,-545.67,494.87,404.62
106,38,1996.47,-405.93,-92.82,2057.12,199.56,170.93,154.63,600.88
106,41,2732.01,-395.52,154.54,2803.08,434.1,591.09,-354.16,726.64
106,41,340.37,-187.52,-83.29,381.09,247.75,219.41,182.79,666.79
106,42,1531.14,-332.65,-189.21,1587.29,306.28,307.25,-120.64,747.96
106,45,6154.05,-179.39,537.43,6232.47,277.88,94.48,-274.5,717.11
106,46,5647.72,-217.11,-558.93,5720.42,85.89,224.55,33.41,341.99
106,47,5322.98,461.45,156.17,5405.06,157.29,-522.81,-35.73,212.61
106,48,6790.98,427.84,-463.76,6866.25,172.24,-333.49,412.77,266.85
106,50,4555.95,430.23,-85.76,4639.07,242.51,-594.06,101.34,388.05
107,0,4747.83,529.95,227.03,4817.32,145.62,-461.66,-172.35,227.07
107,3,2488.75,320.38,-1066.34,2340.25,415.61,428.98,366.27,796.39
107,4,5206.15,103.5,-480.44,5287.32,243.34,-408.44,392.97,440.99
107,14,3222.12,492.09,260.23,3278.54,193.61,-521.17,-302.82,193.34
108,2,4633.37,514.2,195.92,4705.14,126.71,-425.49,46.03,265.69
108,3,4458.36,446.52,489.83,4513.74,379.27,236.6,-365.69,815.88
108,5,5531.75,670.04,33.87,5595.69,200.16,-598.16,-4.96,240.28
108,6,3839.41,-134.44,468.87,3912.73,94.68,-191.76,-186.79,339
108,8,6598.96,61.47,-479.24,6685.7,213.44,-92.52,628.53,205.83
108,11,5698.61,29.92,448.92,5785.19,238.96,264.6,-591.48,292.45
126,0,6011.92,-144.89,-549.61,6089.55,173.04,-300.61,242.08,453.44
126,1,6203.67,512.94,123.84,6285.69,159.92,-408.28,-6.14,398.58
126,2,6567.34,698.83,-124.41,6633.64,201.33,-459.29,36.34,453.84
127,1,2694.56,-407.3,-366.93,2743.35,142.77,362.84,325.49,224.99
127,2,5236.9,331.98,-475.87,5309.26,244.31,-381.85,428.35,434.43
127,3,4106.45,628.87,260.65,4154.74,182.2,-370.49,252.61,417.05
127,5,5462.73,-571.59,105.58,5536.31,133.53,406.56,-155.85,280.64
127,6,5758.26,457.87,-192.87,5841.23,178.25,-459.08,139.65,368.66
127,9,4625.76,-555.07,-84.39,4696.16,272.63,584.72,226.16,439
127,12,3304,-495.6,79.02,3370.22,298.72,53.98,94.86,798.58
127,13,3972.27,221.93,526.77,4035.64,391.58,-361.53,-376.35,784.59
127,14,3571.57,-470.87,-194.95,3639.56,164.6,536.32,55.44,212.54
127,15,3729.08,590,-320.08,3773.4,,,,
127,20,6925.1,-43.89,-714.05,6992.82,373.5,-549.79,533.74,503.03
127,21,5568.72,339.07,356.06,5651.4,282.49,361.05,657.91,215.77
127,23,4342.7,-387.06,356.56,4415.21,1444.91,-190.68,175.66,2175.13
128,0,4656.96,835.33,103.03,4685.81,253.33,-164.49,99.82,708.8
128,1,5239.5,-194.97,397.43,5325.1,229.51,160.36,-556.23,384.86
128,6,1426.34,628.85,247.29,1370.17,161.7,9.32,60.39,570.76
128,7,4260.37,-360.24,-442.73,4326.62,309.39,364.2,357.49,644.74
128,9,1997.34,228.88,-650.67,1983.19,285.62,221.03,232.04,717.43
128,11,4401.82,-303.58,345.47,4482.07,154.86,287.12,-334.93,346.25
128,13,6055.29,271.94,-588.07,6125.22,435.64,815.27,456.86,365.6
128,14,5445.71,332.09,-617.68,5505.23,106.34,-288.56,195.25,299.02
128,15,4971.69,401.65,237.38,5054.12,178.43,-439.52,-351.56,223.16
128,16,2952.73,-281.19,454.59,3008.82,282.56,315.57,-566.15,435.68
128,19,4607.52,67.51,498.53,4684.42,380.93,297.08,6.13,878.31
128,20,3502.46,332.35,-346.44,3573.83,188.72,-284.33,246.22,498.18
128,22,5682.53,728.64,155.28,5738.42,239.84,-575.42,-182.93,378
128,23,4180.08,-481.29,-507.56,4226.3,263.87,403.5,442.57,453.83
128,24,4914.68,-424.34,-61.02,5000.23,240.57,-575.98,-416.82,-60.75
128,25,5774.73,-68.77,-653.97,5841.9,442.56,-107.66,860.48,523.53
128,30,4401.87,-436.91,-471.96,4459.51,1431.61,-211.01,-227.94,2153.77
128,31,4118.22,-75.09,615.57,4176.13,1457.1,-39.2,321.32,2179.88
128,33,3603.02,-136.6,90.11,3702.92,1576.35,-85.97,56.72,2330.56
128,35,6240.25,471.98,-54.99,6326.56,1484.65,166.17,-19.36,2227.42
128,44,3413.77,245.67,-377.8,3488.21,1300.05,141.93,-218.27,2015.25
128,45,3438.51,-235.62,-147.66,3531.02,1323.77,-136.91,-85.8,2051.74
128,47,2793.39,477.42,431.82,2824.05,1543.58,378.68,342.51,2240.02
128,49,4124.66,-457.65,-360.34,4188.04,1226.31,-211.11,-166.22,1931.89
129,0,5631.75,-181.85,-448.23,5715.35,207.11,247.16,541.02,278.63
129,1,4986.86,-297.11,365.12,5068.96,212.1,98.07,-387.09,532.39
129,4,4531.65,454.45,180.66,4609.59,177.07,-379.95,81.08,461.09
129,6,764.66,-235.28,-103.64,824.13,274.21,531,278.32,479.78
129,7,5375.52,-325.13,-375.72,5456.94,187.6,250.91,467.41,325.13
129,15,5636.6,-228.46,-436.31,5719.48,176.7,224.87,219.62,513.73
129,18,6016.74,550.75,-30.89,6095.93,231.3,-563.52,6.14,412.11
129,19,3106.01,182.69,627.01,3142.14,198.09,-352.08,-458.34,277.17
129,20,3274.81,671.68,-248.72,3301.37,239.67,-562.44,305.47,312.11
129,24,6073.5,552.17,-223.24,6148.83,164.65,-323.62,393.81,276.01
129,26,2952.2,-100.97,-454.23,3019.75,242.46,-231.35,570.68,366.69
129,27,2952.2,-100.97,-454.23,3019.75,242.46,-231.35,570.68,366.69
129,28,3747.1,385.98,394.4,3810.92,286.49,-405.52,-486.36,467.47
129,30,4017.97,-96.75,-453.43,4095.47,300.33,118.13,-4.89,799.78
129,32,4589.04,345.42,417.52,4661.47,512.79,242.7,-345.3,1023.14
129,34,1713.52,-242.08,479.88,1734.1,295.37,426.59,-489.63,468.65
129,35,5713.16,91.68,612.92,5784.11,216.71,363.02,125.04,553.25
129,43,3384.09,-416.58,-438.17,3434.71,250.54,467.07,479.75,290.64
130,0,4396.55,-234.23,-558.93,4459.33,84.23,210.6,-7.36,347.43
130,3,3872.41,-335.97,18.77,3961.76,173.17,542.57,-132.53,207.15
130,5,3264.94,-62.55,-506.83,3329.37,332.67,82.92,109.79,846.07
130,7,4165.09,-358.86,382.46,4236.46,1280.37,-169,180.11,1995.07
130,11,6621.21,324.83,476.43,6700.63,387.12,-243.96,-656.45,621.01
130,12,620.05,116.98,73.39,704,279.78,-445.64,-362.36,522.71
130,13,2547.88,-377.49,517.5,2572.24,211,229.55,-522.99,337.85
130,14,2547.88,-377.49,517.5,2572.24,211,229.55,-522.99,337.85
130,16,2534.22,-386.88,76.55,2607.48,148.43,426.8,-27.27,342.91
130,18,2396.17,-364.88,-15.71,2472.14,216.09,553.27,-16.65,381.7
130,21,3113.65,-383.73,-244.9,3184.57,142.43,391.33,309.43,196.48
130,22,6210.33,-413.76,-267.41,6295.21,135,224.68,327.77,336.99
130,23,6152.81,572.89,-120.89,6229.48,206.11,-310.92,440.64,371.9
130,24,6021.18,365.46,318.55,6106.06,159.57,-322.75,-403.23,240.92
130,28,4610.7,517.32,287.69,4677.22,198.69,-247.46,-194.5,559.61
130,29,3503.66,502.56,12.58,3571.93,162.89,-488.39,-57.25,300.52
130,30,4025.88,429.38,-462.81,4081,0.44,-2.81,309.86,
130,32,3171.86,-385.06,-376.78,3230.57,231.8,530.45,350.06,290.97
130,33,3171.86,-385.06,-376.78,3230.57,231.8,530.45,350.06,290.97
130,34,1887.26,-530.2,133.4,1912.89,237.23,565.13,-139.32,403.17
130,39,4770.51,-356.52,-116.93,4859.92,242.41,132.33,366.12,601.63
130,40,3281.51,-334.34,33.54,3368.16,267.75,691.78,79.9,298.41
130,43,4347.37,-357,-76.09,4436.13,126.11,-224.31,373.58,250.21
130,44,2692.16,-192.59,530.57,2737.61,169.05,128.74,-293.45,492.98
130,45,7261.39,-612.36,-101.89,7339.43,217.39,355.95,182.36,543.26
130,49,4022.06,-266.1,433.22,4094.28,347.02,61.5,382.88,788.07
131,1,4327.2,552.03,413.68,4376.93,168.67,-298.52,-383.08,330.16
131,2,4827.22,490.3,329.17,4895.62,134.86,-341.05,-284.8,271.58
131,3,5780.13,-338.1,-343.71,5864.41,175.32,402.74,62.01,440.01
131,9,3261.09,38.95,-574.45,3314.82,224.48,-379.88,-292.96,491.31
131,11,5353.41,-327.17,309.38,5438.79,237.41,488.83,-451.24,243.24
131,12,5572.47,640.05,-139.38,5638.57,283.03,-504.45,106.22,587.65
131,14,4757.43,-319.72,645.47,4807.63,215.39,188.61,-548.99,336.9
131,17,5239.36,586.11,285.08,5303.43,206.42,-377.65,111.76,524.16
131,18,3650.66,-365.37,-104.71,3734.91,156.12,427.16,184.43,317.46
131,21,5973.22,489.72,-266.05,6051.7,182.86,-532.23,141.47,270.56
131,22,3940.69,28.56,635.82,3993.94,207.56,174.23,-421.32,473.91
131,23,5352.26,440.55,-371.58,5425.72,122.89,176.91,-218.9,407.96
131,26,3765.84,489.52,113.58,3836.64,212.86,-540.78,-54.74,386.26
131,30,2609.38,479.11,1084.85,2439.34,1314.17,361.68,818.95,1841.45
131,31,4220.66,104.35,-691.2,4267.51,127.57,-189.76,398.75,246.14
131,33,2649.14,-405.27,324.88,2702.68,252.37,548.06,-276.62,400.32
131,36,5537.21,266.28,-533.45,5609.64,266.42,-234.23,643.42,319.25
131,38,2853.8,-411.84,144.72,2924.53,137.47,445.94,-113.61,255
131,41,4596.61,-184.36,-598.78,4658.5,362.97,202.85,561.93,675.1
131,43,6720.86,466.88,296.13,6802.62,255.81,-419.77,-100.57,599.18
131,46,4154.5,-188.42,626.54,4207.65,248.23,155.87,-615.3,352.71
131,47,77.78,116.16,-41.55,84.65,161.54,445.43,-159.32,324.6
131,49,5229.98,91.7,615.17,5297.56,152.31,-108.5,-169.16,518.2
131,50,5307.03,-97.33,-381.84,5396.64,125.75,92.28,-20.64,492.72
132,0,3179.04,234.91,503.75,3234.95,417.96,502.17,-283.52,791.34
132,5,3035.55,-68.14,486.75,3100.07,194.58,75.58,112.49,620.11
132,7,3456.54,294.71,330.34,3532.36,1448.49,181.66,203.63,2177.39
132,8,5771.74,-303.52,-422.43,5852.73,1552.8,-119.19,-165.89,2298.37
132,12,2882.88,-280.15,438.66,2940.32,186.79,-509.54,-145.58,323.23
132,13,6434,461.01,133.08,6520.53,186.62,318.07,-140.04,513.95
132,15,2952.9,-132.3,-601.58,2993.38,410.33,240.47,676.25,650.39
132,16,4029.42,-211.08,369.3,4111.14,337.03,332.54,-3.97,797.03
132,20,6554.39,152.71,604.22,6629.34,305.38,-572.65,-171.61,555.68
132,22,3825.23,662.56,277.95,3862.56,121.76,-263.13,163.46,383.78
132,24,5597.91,-265.85,-599.31,5664.12,351.21,274.81,713.47,444.58
132,25,3373.02,-553.32,-214.73,3425.4,197.63,165.11,-56.67,615.91
132,26,6361.2,326.92,-467.58,6440.13,365.62,-415.79,550.02,586.66
132,27,3290.9,406.85,497.36,3332.9,184.31,-213.14,-432.09,384.2
132,28,5722.77,-104.76,-469.8,5806.91,290.87,200.75,691.39,334.59
132,30,1738.21,339.51,240.14,1792.61,206.67,-349.36,-121.23,541.92
132,32,4393.89,487.44,338.21,4458.37,226.06,-539.43,-74.62,422.67
132,33,6214.63,690.91,-279.65,6274.65,260.26,-644.11,245.91,283.96
132,34,4945.75,568.08,-33.87,5017.49,572.17,-196.31,-389.4,1100.28
132,36,4499.3,-459.31,251.55,4573.22,185.68,526.05,-158.05,284.78
132,37,4500.23,489.2,-76.16,4577.33,148.15,-318.3,100.45,434.13
132,38,3651.99,-467.03,-413.9,3703.31,297.72,445.13,460.67,486.63
132,39,4110.43,490.02,362.74,4169.79,305.55,-333.76,-213.46,713.87
132,40,5757.3,79.97,425.96,5845.32,167.8,-134.32,-468.8,324.23
132,41,3356.86,-454.96,37.55,3430.03,308.21,436.03,-548.77,426.53
132,42,3478.15,-217.2,332.14,3559.56,1422.03,-131.33,200.83,2152.28
132,43,2126.34,493.95,317.02,2150.2,144.71,-45.39,-275.5,463.08
132,45,3086.22,357.93,-522.55,3125.97,220.49,-461.75,358.56,347.11
132,47,6226.31,184.88,410.77,6314.39,247.9,-79.17,-585.9,420.67
132,48,5026.86,-96.42,478.6,5107.51,1521.68,-42.73,212.1,2263.48
132,49,2499.01,-165.33,500.76,2547.89,248.04,494.08,-306.07,434.8
133,1,2165.38,453.87,-162.46,2216.12,153.32,-330.75,-77.32,442.46
133,4,3917.16,-191.45,-462.96,3989.45,304.33,576.39,467.62,335.61
133,5,6398.82,321.83,422.54,6481.24,212.95,-260.17,-298.25,536.85
133,6,3000.32,-302.04,394.97,3063.45,290.36,27.54,-149.31,778.45
133,7,4818.83,539.97,262.64,4885.95,364.83,-586.39,-240.15,644.98
133,8,5562.87,-420.29,496.48,5629.44,282.73,423.55,-574.84,317.01
133,9,4613.06,-242.51,-683.33,4660.83,328.15,206.93,673.06,476.94
133,11,4325.41,129.84,488.11,4400.27,152.66,390,-203.86,340.63
133,15,5459.66,434.55,-183.05,5543.65,219.32,-355.91,-265.39,512.29
133,16,6146.67,422.31,-610.05,6206.59,209.7,-278.01,185.91,570.55
133,21,4676.84,460.57,527.2,4729.15,435.68,-429.47,-250.98,871.61
133,24,2321.96,457.56,120.03,2378.1,221.96,-518.22,-64.4,439.27
133,25,5334.02,330.02,-487.86,5406.01,159.22,-233.51,435.4,282.76
133,26,2525.05,450.42,-245.75,2577.37,376.22,-278.5,335.33,810.76
133,27,2833.55,510.68,292.59,2877.09,221.77,-491.94,-281.11,379.74
133,29,3148.75,-312.37,515.68,3195.68,237.95,226.66,-562.6,367.58
133,30,6858.61,687.95,-68.32,6928.42,237.95,226.66,-562.6,367.58
133,32,2564.7,-195.6,405.85,2629.31,308.59,-188.48,-153.32,784.29
133,34,3543.14,-544.22,237.5,3597.96,137.51,260.7,79.13,450.16
133,35,5129.15,409.87,385.95,5202.73,266.45,-548.26,-305.93,420.33
133,37,2848.9,627.26,313.96,2867.49,180.71,-507.47,-169.46,292.29
133,38,5708.02,-543.41,1.77,5786.62,179.34,533.02,-58.68,284.67
133,39,6098.75,474.41,-129.52,6183.33,286.16,-528.65,-85.78,576.1
133,40,4891.88,55.94,633.81,4955.09,293.62,-53.14,-643.33,469.4
133,41,3480.26,-218.75,392.04,3555.5,116.37,315.89,-193.98,307.32
133,42,2171.83,-334.29,69.35,2248.63,332.11,533.49,-449.33,496.81
133,43,1140.81,395.65,-118.47,1170.65,264.12,-163.53,-319.5,660.63
133,45,1799.38,475.87,-510.26,1768.85,437.92,92.33,386.96,924.69
133,46,3583.07,-513.4,-259.2,3641.44,280.28,171.26,440.75,617.06
133,47,2851.58,-481.58,-382.74,2889.97,202.59,371.5,440.93,297.78
133,48,5331.35,-128.64,415.57,5417.89,192.65,302.18,-340.72,437.16
133,50,2637.58,-64.4,533.96,2687.28,1313.22,-48.09,398.73,2006.7
134,0,4308.27,668.85,-78.23,4360.32,1443.67,331.87,-38.82,2163.54
134,1,6192.5,243.69,-674.8,6255.62,171.01,-233.18,298.63,454.43
134,3,7686.39,642.18,172.06,7762.27,1238.52,161.89,43.38,1956.86
134,4,3429.25,-402.19,-285.39,3498.1,376.27,562.99,381.85,620.24
134,5,6165.11,237.62,567.6,6238.96,142.67,-241.46,-398.02,267
134,6,5556.53,133.34,577.49,5629.44,219.04,-149.65,-569.54,334.87
134,8,2254.4,413.67,-130.8,2316.79,201.01,-488.92,154.01,393.36
134,9,2225.93,-392.8,272.49,2278.96,222.92,524.84,-232.3,372.12
134,10,3911.69,-400.86,232.71,3988.47,93.04,263.3,-50.75,333.63
134,11,4628.26,93.67,-570.14,4696.69,131.64,199.38,45.47,471.65
134,12,3447.77,-416.78,-63.36,3526.11,239.15,489.96,25.05,514.94
134,13,5929.17,374.3,544.13,5997,269.96,-323.07,-571.04,385.84
134,16,4771.85,-374.92,-28.11,4861.21,146.6,485.37,96.67,227.09
134,17,4427.39,16.09,578.54,4494.06,188.25,416.07,-355.62,298.35
134,18,4913.74,-429.24,32.21,4999.14,142.43,477.46,-4.95,243.9
134,20,3111.91,-543.95,183.2,3163.55,332.01,488.54,-305.17,633.47
134,21,5364.11,265.24,-571.72,5431.66,225.55,-511.98,411.35,206.57
134,22,3994.15,608.41,-97.22,4051.23,160.81,-468.16,142.81,296.6
134,23,2037.88,438.76,-38.56,2094.5,153.72,-366.38,91.34,411.63
134,27,4616.74,-615.11,-73.65,4679.74,168.91,509.77,22.08,291.64
134,29,4332.84,-433.04,349.28,4401.57,464.7,586.07,-679.19,531.92
134,31,4635.84,706.02,215.71,4681.83,178.41,-48.26,38.51,602.26
134,32,4029.95,-438.72,-69.07,4109.68,178.41,-48.26,38.51,602.26
134,35,3935.47,-361.16,196.91,4018.1,171.95,-285.01,-213.63,474.64
134,36,4792.41,453.94,463.99,4853.06,191.27,-311.57,-189.06,512.44
134,38,2512.24,-438.61,207.67,2569.72,126.91,352.38,-225.09,281.7
134,39,2798.28,-318.35,367.07,2860.4,288.84,287.72,-494.82,545.58
134,40,3174.06,-227.54,162.15,107.75,0.44,-262.38,-293.29,-293.29
134,41,5425.09,468.13,-66.48,197.94,0.56,299.73,533.04,533.04
134,42,3709.26,522.48,319.62,345.79,0.68,-213.02,706,706
134,47,2709.82,-342.34,36.64,2791.71,182.43,498.36,10.75,356.43
134,49,4173.44,-170.88,438.93,4251.14,84.29,202.98,82.81,342.31
135,0,5707.1,-72.54,495.63,5789.52,134.58,42.05,-356.74,376.23
135,1,4254.27,-355.77,88.54,4342.55,384.61,779.88,115.25,497.94
135,3,3349.99,-235.46,-625.55,3388.09,144.16,195.45,450.49,223.79
135,4,3355.96,-481.12,159.7,3422.02,223.94,-603.95,112.22,-304.82
135,7,3485.17,43.17,562.47,3544.02,339.82,313.52,-636.66,499.35
135,9,4847.52,11.99,435.27,4932.22,245.96,-349.89,-256.59,577.63
135,13,5178.37,-374.81,-267.87,5262.2,169.69,457.94,243.53,279.48
135,16,5201.79,125.97,-583.5,5272.06,201.7,-96.12,524.2,367.49
135,19,4097.13,507.25,-127.95,4168.11,165.19,-423.99,-236.99,318.21
135,20,5127.48,-465.49,368.89,5197.6,160.92,229.81,-400.92,338
135,22,4746.4,339.24,281.05,4830.22,141.11,-445.99,-170.63,237.94
135,23,3171.22,-177.86,333.79,3252.62,198.67,391.14,-420.4,287.16
136,0,2902.38,-438.16,74.07,2972.51,1400.11,-312.23,52.78,2118.17
137,0,2422.57,-270.3,-307.52,2491.97,214.87,363.18,442.83,348.22
137,4,3024.43,-436.07,198.02,3090.78,234.77,614.72,-159.39,303.74
137,7,3941.59,682.19,176.99,3983.36,196.47,-546.01,-14.53,329.91
137,10,4867.89,129.89,556.17,4938.87,188.67,-269.66,-430.33,362.83
137,11,2944.85,540.29,-395.49,2973.59,193.06,-586.43,161.01,172.15
137,12,6820.95,404.32,496.05,6895.52,165.38,-470.98,-144.51,308.04
138,0,4549.76,-510.18,294.98,4616.11,154.92,312.32,-308.31,349.32
138,1,4406.58,-620.15,366.72,4452.44,320.76,649.14,-74.27,527
138,3,4184.64,-292.27,-509.43,4247.95,164.19,412.74,132.3,383.56
138,4,325.71,75.75,-266.11,312.94,341.68,-129.71,463.42,725.36
138,10,3054.97,-389.1,448.05,3101.98,156.96,441.9,118.27,331.39
138,12,5447.37,437.24,246.5,5528.64,171.68,350.22,154.4,452.83
138,13,3911.68,-473.62,149.62,3984.47,335.66,488.01,-289.58,648.34
138,14,3978.22,22.5,-495.92,4051.57,151.62,249.42,291.07,400.62
138,15,4076.52,-273.57,-226.21,4165.1,188.7,405.09,353.36,317.26
138,20,4647.47,-245.43,-341.58,4732.66,176.85,348.54,-207.84,445.39
138,26,4282.5,427.65,-243.98,4358.52,204.23,-480.28,237.36,371.27
138,27,5502.3,301.23,474.06,5578.11,260.33,-278.16,-523.27,452.73
138,28,3848.01,-152.49,633.58,3897.51,266.21,131.68,-440.24,599.28
138,30,5264.45,-40.38,522.08,5342.82,308.07,217.24,-267.51,744.37
138,32,6068.6,-306.93,-513.88,6143.62,320.2,217.46,510.55,628.7
138,33,6230.99,142.22,-570.53,6307.77,247.78,-257.26,408.8,541.24
138,37,4215.53,-259.77,-659.71,4260.66,243.14,291.55,261.65,601.49
138,41,3647.97,697.24,-140.45,3683.46,198.99,-148.22,-275.32,561.37
138,45,4582.96,511.3,-336.71,4646.63,170.94,-363.72,-70.71,461.1
138,49,488.32,126.8,20.4,569.66,215.97,-502.3,-82.54,438.96
139,0,5842.1,21,640.9,5911.5,1494.4,7.9,640.9,2231.2
139,2,3271,439.4,-268.3,3334.8,1463.8,287.9,-175.8,2185.2
139,3,5485.6,705.5,157,5542.7,1447.5,276.8,61.6,2174.9
139,4,2699,371.8,-521.7,2727.8,1254.1,262.9,-368.9,1928.8
139,5,5391.4,657.9,316.9,5446.7,1385.3,254.4,122.6,2106.7
139,6,2883.9,-268.5,175.9,2969.8,1541.7,-206.3,135.2,2282.2
139,7,5948.3,375.6,-197.7,6037.5,1248.6,122.6,-64.5,1970.4
139,8,5172.78,-74.55,982.74,5183.88,1746.46,-35.54,468.44,2470.98
139,10,2830.91,193.67,624.25,2860.3,1325.58,135.98,438.31,2008.32
139,11,2853.25,-380.86,127.67,2928.97,1449.78,-282.88,94.83,2175.46
139,12,5042.18,446.38,-265.56,5119.83,1241.55,170.65,-101.53,1957.34
139,13,3394.65,-327.86,82.11,3481.71,1520.04,-212.95,53.33,2261.4
139,14,3249.32,752.88,-294.07,3253.78,1784.62,573.97,-224.19,2480.55
139,15,4611.87,-500.51,-78.8,4688.4,1386.92,-225.78,-35.55,2114.98
139,16,3838.13,433.33,-606.93,3870.55,1348.43,229.23,-321.07,2047.51
139,18,2716.58,433.6,-37.1,2785.84,1225.05,299.73,-25.65,1925.73
139,19,5927.85,-364.05,-130.25,6019.53,1729.89,-150.74,-53.93,2492.42
139,20,5518.95,152.52,-387.73,5607.52,1316.42,55.61,-141.36,2044.38
139,23,2886.4,-357.71,161.12,2963.7,1379.15,-253.52,114.19,2100.48
139,24,3712.41,85.04,433.33,3790.33,1528.26,50.83,259.01,2265.59
139,25,2566.7,-406.59,-227.68,2628.65,1310.82,-311.28,-174.31,2012.48
139,29,4256.04,476.67,208.77,4328.61,1447.03,239.75,105.01,2177.16
139,30,3301.98,-455.63,421.85,3348.28,1257.69,-265.62,245.93,1951.97
139,34,3840.53,-446.44,380.91,3900.23,1488.92,-253.36,216.17,2213.41
139,35,6148.32,456.24,565.42,6210.08,1331.83,150.82,186.92,2052.95
139,36,2590.46,399.16,-241.19,2652.74,1297.94,300.79,-181.75,1999.02
139,37,3537.25,578.18,255.05,3585.47,1329.72,327.88,144.64,2033.29
139,44,4584.69,-262.96,371.14,4666.4,1520.72,-127.47,179.91,2262.04
139,45,3994.56,-372.42,-197.53,4076.47,1533.36,-207.78,-110.2,2274.3
139,46,6758.49,-611.32,-152.15,6833.71,1324.84,-183.44,-45.65,2050.58
139,48,2513.93,-27.04,539.75,2560.41,1239.16,-20.3,405.25,1922.38
140,0,1187.01,-289.33,519.41,1142.27,395.47,462.53,-477.58,675.48
140,1,3253.7,381.91,401.64,3310.99,187.94,-408.88,-277.57,379.05
140,2,4012.02,-118.15,454.95,4088.75,173.61,207.43,-505.03,240.33
140,4,2310.65,-319.45,-219.54,2382.03,343.27,510.81,406.77,579.15
140,5,3278.45,131.72,505.8,3341.19,190.63,258.73,-369.5,436.44
140,6,5931.27,-117.89,487.57,6014.47,157.11,122.91,-212.26,509.17
140,8,5861.31,-262.77,-507.79,5937.92,177.61,271.81,328.63,427.62
140,9,5895.88,346.38,-545.37,5965.07,189.68,-155.01,221.3,564.65
140,10,3881.4,0.57,-484.49,3955.46,311.12,-278.07,554.84,543.4
140,11,6545.58,-384.93,-674.64,6604.23,167.16,242.67,258.08,464.8
140,12,4915.61,95.66,679.54,4972.38,306.13,-91.35,-678.25,446.83
140,13,164.79,70.04,1.83,238.44,193.4,-200.98,165.9,576.47
140,14,5020.82,663.15,255.4,5075.23,157.17,-462.2,-9.62,325.31
140,15,2268.25,-499.8,267.99,2302.1,171.36,263.1,-249.6,468.32
140,17,2775.69,-40.49,-660.57,2801.67,292.84,-193.92,80.4,768.79
140,18,2600.52,58.2,-566.19,2642.88,378.53,117.55,566.52,720.17
140,21,5171.62,659.12,485.96,5211.63,747.77,-732.95,-686.53,976.45
140,23,4392.42,246.17,-508.14,4460.6,202.62,-300.37,527.78,228.89
140,25,4900.49,490.61,195.04,4976.46,171.41,303.76,217.51,459.75
140,29,2129.11,-387.56,-235.68,2185.05,121.9,216.65,216.72,386.82
140,30,3820.95,-261.22,661.88,3859.5,224.49,187.15,-563.59,344.8
140,31,5586.07,646.59,114.23,5652.09,250.51,-393.29,-65.69,611.33
140,35,5684.91,445.37,-407.9,5757.37,226.77,-393.81,406.74,395.39
140,36,5723.74,455.8,-406.13,5795.73,166.09,-510.64,161.29,228.91
140,37,4077.78,1089.42,-151.29,4034.22,201.1,-394.49,-189.01,475.77
140,38,3002.83,-11.76,580.7,3051.27,201.24,-197.5,135.83,600.48
140,40,2435.81,496.4,-153.48,2484.9,316.62,-353.4,76.19,750.68
140,41,5495.51,-334.69,-320.53,5580.32,231.36,337.06,320.51,520.79
140,43,2895.15,-458.87,304.46,2947.31,328.15,504.21,-420.54,540.57
140,44,3911.7,122.36,485.03,3984.04,486.01,-407.32,-454.12,880.82
140,45,4453.75,-356.09,340.25,4530.85,154.03,224.69,-371.88,351.99
140,47,5476.36,-935.01,-843.77,5436.39,481.51,476.03,458.47,835.69
140,48,202.62,-300.37,527.78,228.89,348.74,-40.02,410.9,778.09
140,49,5538.16,270.56,-413.6,5620.49,198.87,-183.24,537.65,299.98
140,50,6712.91,433.63,-129.65,6802.06,142.35,-267.01,158.47,436.93
141,1,5683.41,-279.6,-484.64,5760.35,241.69,288.56,441.01,483.8
141,2,5048.12,264.58,-425.9,5127.6,160.62,-170.16,-204.71,506.23
141,3,5136.45,-166.75,-569.28,5206.71,287.4,-571.63,-264.05,-474.63
141,4,3667.19,446.33,18.2,3744.18,227.78,-554.87,17.62,413.52
141,6,5796.17,416.59,-229.18,5881.05,301.28,-463.95,33.19,663.05
141,9,3626.19,-434.13,-191.16,3699.43,310.75,505.97,316.58,568.61
141,10,4252.82,-192.63,428.76,4331.12,284.12,390.3,-170.27,657.58
141,11,3636.73,545.46,93.05,3699.1,141.2,-344.47,-191.37,359.92
141,14,4412.8,474.99,-338.98,4478.72,160.59,-252.81,430.05,279.66
141,17,4510.43,-380.55,-416.3,4579.63,230.43,456.81,-228.38,473.87
141,18,6637.06,718.83,213.6,6699.4,372.04,-754.61,-93.66,508.09
141,19,6961.91,561.59,-17.8,7043.76,190.45,-456.8,-310.46,297.49
141,20,4756.25,-45.68,520.12,4831.99,301.69,180.99,-20.22,789.83
141,22,3195.22,711.42,-56.71,3220.42,201.42,-278.93,-3.02,583.63
141,23,5356.62,552.32,-209.98,5428.55,165.67,-330.79,301.6,371.29
141,24,4823.31,368.51,423.76,4895.09,188.63,-296.87,-178.34,519.14
141,30,1134.5,-305.33,-760.77,923.76,952.31,740.89,25.7,1464.19
141,32,5467.97,-247.44,692.2,5523.27,199.36,197.85,-30.11,611.3
141,36,4245.16,513.11,338.73,4305.21,211.65,-374.33,-283.09,470.72
141,37,469.16,209.44,-16.43,523.93,391.4,-551.94,276.2,711.71
141,38,2753.78,411.39,-227.71,2817.88,207.8,-488.26,175.69,404.66
141,40,3973.32,364.41,616.97,4013.5,199.39,-454.04,-185.23,416.35
141,41,7165.48,477.51,-307.11,7247.51,403.6,-563.24,578.93,517.36
141,42,4738.67,-335.24,3.04,4830.91,207.67,509.58,185.18,372.51
141,43,2820.14,-171.18,-387.6,2892.38,179.43,215.02,509.13,251.72
141,46,6778.82,493.85,-505.43,6846.65,359.65,-514.49,559.97,475.18
141,48,4271.22,-305.42,-117.44,4362.71,176.55,489.67,286.11,201.85
141,49,5026.84,389.21,168.31,5113.21,296.23,-420.96,-252.56,634.41
141,50,5855.75,-158.75,-532.58,5933.86,154.02,141.05,385.5,379.67
142,0,5013.32,-294.09,-627.15,5070.14,1277.19,-115.33,-245.95,1988.33
142,1,5322,698.51,-197.28,5377.22,1555.42,297.41,-84,2289.5
142,2,4354.73,457.79,531.07,4403.01,1323.83,211.33,245.16,2032.56
142,4,2850.53,471.1,335.46,2896.49,1505.54,359.88,256.26,2212.66
142,5,5799.37,707.82,49.56,5860.64,1290.38,242.36,16.97,2006.69
142,6,162.34,112.87,205.98,72.65,285.8,360.86,658.54,232.25
142,7,5042.15,564.22,268.93,5107.98,1321.58,225.39,107.43,2040.47
142,8,5181.91,-23.57,463.43,5265.46,1439.06,-9.74,191.49,2175.73
142,12,5604.8,-99.13,-575.2,5678.92,1386.23,-36.92,-214.26,2115.41
142,13,5281.2,-57.05,-653.04,5345.13,1228.1,-20.68,-236.77,1937.95
142,20,4357.66,-237.1,382.39,4438.67,1522.74,-120.9,194.99,2263.35
142,21,5719.47,173.57,-516.86,5797.94,1374.7,63.01,-187.62,2104.65
142,23,5873,199.25,-586.85,5944.86,1401.57,71.45,-210.44,2131.75
142,29,137.35,113.9,130.04,133.52,283.48,407.98,465.81,478.27
142,32,5380.98,-183.66,654.07,5442.74,1359.25,-70.22,250.07,2080.88
143,0,5515.2,61.12,-681.32,5577.43,307.48,236.22,635.4,460.26
143,1,6203.67,512.94,123.84,6285.69,159.92,-408.28,-6.14,398.58
143,2,6567.34,698.83,-124.41,6633.64,201.33,-459.29,36.34,453.84
143,3,5421.21,-445.19,-5.79,5507.24,194.94,134,71.6,616.95
143,5,5476.64,93.08,701.79,5535.57,194,-186.78,-339.89,501.16
143,8,3625.73,663.61,139.95,3667.06,273.68,-522.84,-375.17,417.37
143,9,273.68,-522.84,-375.17,417.37,192.57,474.17,24.2,415.84
143,11,5300.64,-36.83,471.4,5383.89,272.72,457.92,-217.21,573.7
143,12,6010.8,446.73,-444.61,6082.33,195,-485.34,266.1,312.24
143,14,5058.76,99.86,417.91,5144.78,217.11,-221.58,-367.29,520.02
143,16,4546.13,-286.22,505.83,4613.48,316.85,203.65,-653.97,475.04
143,17,5927.86,-329.61,-154.5,6020.95,248.37,232.84,437.5,531.06
143,19,2084.11,285.54,324.62,2143.42,248.63,-503.47,-337.94,400.69
143,21,3617.97,-369.35,389.17,3682.61,3617.97,-369.35,389.17,3682.61
143,23,4192.42,234.67,656.45,4239.19,191.02,-260.81,146.2,552.66
143,25,3905.05,-396.2,-270.18,3979.88,249.19,481.35,457.57,297.52
143,28,4950.76,546.89,385.55,5010.18,147.89,-310.16,-275.48,356.68
143,32,5942.53,72.36,-672.53,6008.66,187.87,-388.93,268.7,405.31
143,33,4109.85,-293.2,-453.06,4178.84,305.11,235.14,685.93,373.75
143,36,7276.44,588.38,468.53,7342.27,338.23,-492.08,-615.32,357.98
143,41,3006.84,-456.13,-192.03,3070.44,3006.84,-456.13,-192.03,3070.44
143,42,2825.77,427.95,353.64,2875.79,178.11,-223.18,-470.58,307.6
143,43,3196.9,-257.92,-13.92,3290.11,172.86,345.89,180.87,449.24
143,45,4088.23,-374.42,284.4,4165.46,194.19,423.48,-315.66,350.77
143,46,2468.25,583.86,-35.24,2503.68,166.9,-154.83,149.87,542.7
143,47,6000.77,-144.63,-548.61,6078.45,292.36,145.84,578.09,527.71
143,49,7213.89,544.15,-526.71,7278.85,430.35,-499.87,490.76,708.4
143,50,4872.84,0.71,-605.07,4939.82,239.69,-110.88,663.69,233.11
144,0,4652.39,550.24,420.42,4705.56,346.7,-674.85,-326.74,456.54
144,3,156.63,-79.82,65.15,216.36,315.39,-276.9,226.03,750.59
144,4,4976.08,-365.27,471,5044.91,182.97,447.44,-303.04,291.02
144,5,4365.37,203.11,-608.46,4422.87,179.59,479.92,79.15,364.1
144,6,5213.04,678.13,183.05,5270.4,171.62,-245.79,318.13,435.66
144,8,4049.93,702.15,209.74,4088.45,208.02,-348.4,-305.55,467.72
144,9,5345.15,446.94,-430.53,5413.69,299.15,-581.32,366.98,422
144,10,2621.35,-298.92,344.67,2685.86,131.03,264.05,-229.58,374.92
144,11,1949.32,-48.8,560.61,1972.95,295.74,-91.73,-627.26,490.31
144,12,2792.68,45.23,-579.26,2836.88,227.4,-76.39,607.66,321.3
144,14,6704.4,71.24,-486.11,6790.84,339.37,-407.36,183.73,743.05
144,16,2664.03,-393.89,-141.79,2735.19,253.59,493.93,71.05,539.46
144,17,3885.14,-474.21,-250.96,3952.51,199.61,121.33,204.74,598.06
144,20,2084.58,426.68,42.59,2144.62,367.59,-534.76,59.5,731.58
144,21,6196.3,715.55,-147.58,6257.92,325.58,-801.06,-74.57,263.69
144,22,2306.75,443.06,33.87,2368.13,373.94,-217.21,181.66,872.45
144,26,3902.65,544.19,-19.06,3969.1,117.35,-386.72,44.48,287.05
144,27,3513.4,65.15,-508.49,3580.37,314.98,-351.87,470.74,587.12
144,33,5250.09,-152.54,-584.85,5319.83,136.9,109.81,461.08,225.64
144,34,5500.42,275.9,602.73,5565.1,230.06,-252.79,-565.39,317.71
144,35,5832.28,354.55,-598.22,5895.49,134.55,-270.67,378.3,232.69
144,37,5650.17,539.63,529.22,5704.35,228.38,-532.71,-376.73,234.29
144,38,4577.97,257.76,-625.66,4632.64,678.95,-378.83,162.27,1250.94
144,40,4778.82,-341.36,-576.67,4836.48,131.59,158.92,333.55,357.3
144,41,5945.79,575.19,165.72,6020.19,260.37,-383.14,-179.75,614.12
144,42,2528.91,146.26,400.69,2597.02,270.96,-73.58,-393.65,649.12
144,43,6030.22,-208.28,-538.9,6107.05,191.47,408.26,418.13,233.11
144,46,4633.91,557.4,-236.41,4698.9,116.62,-178.84,-153.31,420.58
144,47,2112.15,-558.93,16.09,2142.91,170.54,408.54,-169.88,391.47
144,48,5062.59,105.33,-570.47,5133.85,558.56,-175.93,-101.22,1148.32
144,49,4689.11,278.66,-485.82,4760.13,161.13,-144.79,471.02,292.27
145,0,5529.81,-497.4,-209.38,5607.92,156.89,511.15,152.5,185.53
145,1,2976.41,37.17,-434.34,3048.61,406.93,365.29,890.79,45.32
145,2,5200.56,-420.24,362.67,5275.39,218.89,608.33,-225.03,194.54
145,3,4049.17,90.23,472.5,4124.89,155.22,-137.5,-484.82,247.65
145,4,2511.74,558.12,-179.31,2548.07,173.89,-366.03,-172.66,-438.95
145,6,2973.27,-322.49,277.77,3046.89,136.34,215.39,-102.19,466.39
145,7,3155.74,-121.9,454.44,3224.91,126.49,180.6,291.18,368.65
145,8,4963.07,340.91,511.53,5029.56,243.58,-269.9,-216.02,629.91
145,9,4735.36,-160.63,388.61,4820.91,226.76,225,-215.59,616.21
145,10,6753.34,649.53,16,6826.68,4735.36,-160.63,388.61,4820.91
145,12,4734.3,-96,448.5,4816.38,234.35,171.43,-192.18,654.39
145,13,6470.19,571.03,228.69,6545.51,169.02,-420.45,-271.15,308.81
145,14,4719.46,610.69,-105.2,4783.34,219.42,-411.59,-202.42,499.4
145,16,4813.13,275.13,-604.96,4871.89,221.38,-288.11,523.98,326.74
145,18,6028.12,-81.71,447.43,6115.33,158.09,-107,-439.51,341.98
145,19,4074.52,420.2,-476.8,4129.58,158.99,-264.63,405.49,298.5
145,20,2883.47,485.68,-264.61,2934.97,192.13,-260.81,320.11,476.3
145,21,2895.87,541.58,418.69,2919.86,339.72,-310.85,-565.52,579.91
145,24,7353.54,209.91,221.36,7451.56,278.8,-386.9,422.75,521.86
145,26,2029,418.24,-506.65,2027.64,443.17,-369.38,339.37,881
145,27,3498.73,-479.55,451.03,3541.54,204.66,525.68,59.15,382.07
145,28,5225.19,566.84,452.18,5279.59,341.09,-168.12,-434.57,734.24
145,29,3394.88,188.67,408.51,3469.25,167.53,-439,-0.2,386.83
145,30,3971.23,522.02,-385.74,4022.85,303.86,-590.56,395.28,396.7
145,31,1949.52,-528.34,-91,1980.56,149.4,492.62,97.76,224.41
145,32,5693.74,324.13,461.68,5770.29,334.28,-317.16,-548.86,580.53
145,33,3151.09,-378.28,94.63,3230.95,173.68,515.4,-55.57,295.41
145,34,4124.45,589.98,237.31,4180.05,265.67,-598.18,-161.36,430.27
145,35,5958.81,149.05,-421.19,6046.42,404.51,-161.83,227.76,918.92
145,37,3690.91,579.28,45.02,3749.71,207.93,-573.17,88.28,311.45
145,39,381.89,-359.6,-187.82,247.89,206.08,341.04,199.65,522.4
145,40,4924.81,263.19,-624.14,4982.88,153.66,-344.23,-117.72,423.7
145,42,3740.38,517.25,-28.66,3808.88,134.7,-211.02,131.75,457.11
145,43,4362.89,313.52,-527.03,4424.36,347.64,-506.35,646.51,314.08
145,44,839.54,443.91,255.11,786.76,745.44,-609.16,-287.56,1224.89
145,45,3567.69,-136.41,-543.21,3628.22,338.15,336.42,656.86,451.76
145,46,6046.12,96.55,514.02,6127.94,198.16,127.41,-452.88,435.52
145,47,3028.75,-483.27,55.59,3093.98,454.61,39.78,49.18,1027.39
145,48,5866.59,139.18,-416.21,5954.51,196.99,-316.19,3.22,555.32
145,49,7538.17,594.66,303.5,7613.23,432.78,-376.7,-560.02,737.34
146,6,103.3,122.72,-9.69,131.18,313.26,-87.05,214.08,795.23
146,8,123.49,-37.23,-152.38,128.76,252.46,-134.5,-550.41,465.1
146,9,81.99,-60.79,-112.09,87.64,165.49,-228.36,-421.08,329.22
146,10,75.79,65.95,61.3,116.41,169.28,263.68,245.07,465.44
146,11,121.15,-74.7,157.11,99.26,243.89,-268.18,564.02,356.34
146,13,937.56,-42.7,1.55,1036.38,1215.94,-79.81,2.89,1937.32
146,15,386.91,-22.56,45.77,477.86,638,-59.45,120.61,1259.31
146,16,130.98,61.42,-78.95,186.16,274.45,223.28,-286.99,676.73
146,17,63.22,-108.26,22.92,70.9,124.06,-410.33,86.87,268.73
146,18,90.43,61.57,-98.26,117.14,187.42,232.31,-370.71,441.97
146,20,112.05,151.12,-25.74,112.18,233.03,557.72,-94.99,414
147,1,11870.28,415.25,-803.54,11940.61,1780.9,88.49,-171.24,2544.69
147,2,5091.99,235.5,-385.73,5176.24,1388.47,96.49,-158.05,2120.92
147,3,2871.01,-355.73,186.3,2946.92,1402.93,-256.54,134.35,2125.15
147,4,469.99,-93.55,194.36,522.55,736.19,-229.47,476.78,1281.84
147,5,102.5,-102.78,70.81,128.27,215.58,-385.62,265.68,481.25
147,6,5151.91,-458.67,191.23,5232.31,1537.88,-199.96,83.37,2281.05
147,7,866.67,-125.7,-46.01,1535.92,1789.4,433.4,-68.28,2523.16
147,8,586.82,-55.75,-20.4,681.23,866.67,-125.7,-46.01,1535.92
147,9,2329.77,382.18,347.45,2377.04,1440.02,343.33,312.12,2135.38
147,10,3719.02,143.19,-449.62,3793.34,1352.87,78.29,-245.84,2074.05
148,0,4232.31,95.25,-607.86,4292.16,207.25,-170.82,570.82,277.01
148,1,4750.11,141.77,589.22,4816,280.4,-223.81,-405.9,624.35
148,2,4664.37,570.36,252.19,4727.25,263.88,-574.77,-301.2,378.92
148,3,3040.62,-476.4,790.74,3005.27,321.43,61.4,-61.11,835.95
148,4,4345.67,378.67,630.57,4388.22,181.45,-59.94,-530.31,297.51
148,5,7010.49,503.64,-185.19,7094.45,271.47,-562.04,115.32,503.78
148,6,4231.54,556.22,-229.09,4293.33,284.4,79.94,291.38,723.27
148,7,7273.6,448.55,-500.75,7347.16,300.49,-503.7,308.81,552.2
148,8,5471.65,169.09,468.7,5553.35,175.22,-408.48,-201.7,389.72
148,9,3529.34,-380.09,486.83,3579.94,169.83,306.14,-383.73,326.3
148,10,4403.1,402.62,305.12,4478.48,125.77,272.25,-306.41,289.38
148,11,3244.76,665.04,203.88,3275.06,126.77,-424.5,-27.63,270.05
148,12,3307.67,-356.06,396.29,3369.19,200.02,131.73,-156.99,610.94
148,13,354.9,-47.84,14.59,444.95,353.4,677.43,-62.45,570.14
148,14,7461.73,555.9,-277.56,7540.44,132.99,194.06,336.35,341.16
148,15,5819.01,-34.87,-365.43,5911.69,197.06,432.54,-24.9,469.91
148,16,5019.37,575.59,-209.73,5086.54,128.97,-364.28,254.3,247.44
148,17,5668.54,-383.11,-170.65,5757.33,128.73,408.09,159.56,257.04
148,18,5104.11,-312.14,292.13,5190.48,217.55,446.39,-389.48,323.26
148,21,3745.14,-263.74,169.2,3835.93,438.17,173.19,261.32,956.92
148,22,3259.74,-264.91,-11.55,3352.63,223.32,464.35,284.33,415.14
148,23,4135.25,253.36,-604.31,4188,230.87,-151.7,518.31,441.32
148,24,3293.03,-175.56,-595.05,3339.26,161.5,-133.87,483.89,277.45
148,25,1358.72,-75.31,225.52,1440.45,295.76,-258.86,-242.62,718.65
148,26,291.83,80.69,-11.47,373.9,242.65,-207.81,-236.8,644.06
148,28,3215.76,91.15,440.85,3288.43,192.29,62.7,-357.2,515.93
148,30,3673.64,533.48,-311.83,3726.29,324.74,-312.54,311.91,720.9
148,31,887.56,-140.39,330.88,919.22,412.99,275.59,-165.31,917.64
148,32,3900.81,-111.44,488.56,3972.96,236.74,159.97,-578.67,373.81
148,35,4001.93,560.32,355.37,4051.61,452.71,-314.73,609.13,764.29
148,36,2568.7,-432.15,-511.38,2586.38,265.7,224.91,444.57,566.41
148,37,3994.24,-403.96,-472.35,4050.49,203.27,336.05,420.23,364.87
148,38,418.89,-68.66,-256.47,439.25,481.57,-44.46,-113.4,1058.53
148,40,4412.51,-530.76,157.67,4482.22,363.41,215.22,-347.07,804.4
148,41,2800.37,-341.22,233.52,2873.88,119.16,196.37,-316.82,314.32
148,44,4302.88,-128.04,629.09,4359.62,353.17,137.84,-682.9,549.47
148,45,2200.16,253.15,-354.57,2261.18,179.19,-24.48,438.02,419.29
148,47,6135.23,-133.14,-373.91,6226.71,1115.66,58.27,198.54,1815.17
148,48,5212.65,-279.29,-437.18,5291.24,190.22,171.75,382.54,466.04
148,49,3060.53,-494.9,-301.27,3110.29,194.07,217.99,-93.74,587.74
149,1,5951.43,358.56,-546.88,6020.1,140.8,-258.73,-99.22,455.16
149,2,4366.18,445.69,236.08,4441.4,166.82,-542.28,-31.98,213.75
149,3,2389.06,-436.77,540.01,2393.1,303.96,-228.27,-559.16,545.75
149,5,7080.53,463.68,-474.16,7154.09,298.31,-598.64,367.53,393.94
149,6,228.87,4.07,116.92,294.55,380.1,-183.78,-250.03,872.49
149,7,4776.06,-7.49,671.8,4833.46,431.58,-64.08,-536.61,838.95
149,8,3534,-105.69,519.29,3598.67,335.97,50.3,-679.82,527.7
149,9,2958.97,-432.68,27.15,3031.33,222.93,517.56,-95.97,436.86
149,10,194.07,217.99,-93.74,587.74,320.64,699.36,-283.09,367.53
149,13,3910.98,259.05,-524.52,3971.75,306.14,-207.87,618.74,491.93
149,15,3197.71,-224.72,244.18,3284.32,152.45,-98.63,-332.81,434.45
149,16,152.45,-98.63,-332.81,434.45,240.85,93.12,-285.74,647.71
149,17,3564.06,-391.13,410.63,3623.44,161.97,237.46,-323.16,411.42
149,19,5695.84,212.1,533.73,5771.39,386.48,214.47,-107.37,903.81
149,20,4436.14,362.35,244.76,4518.82,302.78,-540.61,1.87,606.15
149,21,302.78,-540.61,1.87,606.15,532.76,-511.82,-295.72,966.37
149,22,3483.82,-378.59,4.51,3567.25,174.29,91.19,-361.54,467.24
149,23,3483.82,-378.59,4.51,3567.25,174.29,91.19,-361.54,467.24
149,25,174.29,91.19,-361.54,467.24,329.95,-188.03,621.8,553.06
149,26,6904.94,596.55,39.97,6983.61,268.7,-504.06,-296.61,483.96
149,27,268.7,-504.06,-296.61,483.96,268.7,-504.06,-296.61,483.96
149,29,237.29,93.44,-43.34,309.08,275.46,-247.39,456.77,568.16
149,31,3858.16,36.84,-676.85,3903.35,369.58,32.86,682.45,602.58
149,33,1825.34,288.9,-270.27,1886.44,949.59,-196.11,-52.17,1625.41
149,37,949.59,-196.11,-52.17,1625.41,347.64,380.81,622.6,490.29
149,44,347.64,380.81,622.6,490.29,108.77,107.02,-115.34,437.19
149,45,4935.71,552.99,274.4,5001.66,257.63,-619.54,-150.81,378.3
149,47,5381.05,344.89,-546.03,5446.89,375.99,-570.29,601.62,399.43
149,48,3481.47,-329.42,67.54,3569.12,159.44,429.54,-194.58,319.64
149,49,159.44,429.54,-194.58,319.64,399.69,504.84,-412.03,696.38
149,50,928.89,264.37,367.63,923.5,500.92,-412.56,-629.26,790.25
150,0,6022.25,-474.96,-30.6,6107.83,158.38,518.29,127.34,193.32
150,5,3952.83,-323.74,218.18,4037.64,570.3,391.73,495.83,997.92
150,6,5930.21,209.25,-404.92,6017.06,278.23,-211.85,702.35,247.35
150,8,3005.38,-525.8,166.63,3059.28,159.98,111.77,-220.23,514.51
150,9,5065.37,-415.99,92.48,5151.71,221.47,373.07,-34.88,569.32
150,13,5242.26,-318.59,345.63,5325.52,278.14,452.3,-540.76,319.63
150,14,2477.37,-378.48,364.86,2526.11,168.91,295.18,-153.09,484.6
150,17,5556.59,451.26,359.34,5631.15,198.85,-485.46,-240.28,345.22
150,20,1531.17,-241.27,-499.94,1535.53,996.87,219.38,97.47,1675.19
150,22,5876.89,604.95,-229.99,5945.85,134.28,-403.51,215.4,246.42
150,23,5425.65,440.49,284.92,5504.71,203.04,-386.01,-465.06,238.44
150,24,4380.47,-429.24,18.31,4463.61,186.99,466.01,314.56,263.9
150,27,4548.62,-349.05,397.21,4622.29,223.41,84.26,-255.99,629.6
150,30,5574.18,600.89,-189.01,5643.16,129.6,-409.33,160.78,257.93
150,31,2696.52,-228.69,366.6,2766,120.53,353.93,-167.38,295.57
150,34,2899.82,-583.81,-126.99,2942.95,226.71,621.35,5.07,301.03
150,37,2427.34,-407.57,-52.75,2496.57,404.92,711.6,391.95,513.42
150,42,5758.17,-370.46,-324.77,5841.49,250.78,645.52,142.42,310.43
150,44,2406.02,579.26,283.07,2424.56,213.76,-426.96,-397.02,326.78
150,45,3512.96,417.25,323.84,3577.66,335.5,-502.87,-391.95,579.18
150,46,4500.72,-216.97,504.4,4571.67,241.41,371.2,-434.03,430.1
150,47,7104.24,607.38,-196.25,7180.16,286.57,-574.57,251.95,475.52
150,49,4721.79,279.53,544.64,4786.66,253.96,251,-451.56,523.47
151,0,6143.35,-246.45,-410.34,6229.11,336.32,211.85,-17,835.98
151,2,3195.94,-460.69,-406.97,3241.5,213.46,161.07,127.23,635.51
151,3,4232.78,508.79,147.12,4304.05,180.38,-464.7,-128.27,372.18
151,4,4909.79,303.85,551.03,4974.05,318.89,-436.64,-537.14,469.85
151,6,1607.16,-119.74,-291.09,1679.7,364.56,609.38,32.68,666.64
151,7,2817.89,-276.41,330.92,2889.01,222.42,382.12,-422.67,376.9
151,8,3533.16,-517.68,-186.35,3594.78,260.96,399.44,-264.57,572.8
151,9,260.96,399.44,-264.57,572.8,527.89,-57.99,245.73,1097.84
151,12,4415.77,89.43,-724.38,4460.22,162.82,282.94,19.47,-501.52
151,14,3652.82,626.99,-28.11,3703.55,302.23,-551.7,-55.62,592.35
151,16,4534.49,-470.64,73.79,4613.77,135.97,451.81,78.42,251.57
151,19,4946.65,364.98,-426.27,5019.29,222.02,-370.61,533.12,210.32
151,20,4407.11,353.3,332.68,4484.71,272.61,-563.33,-85.59,510.94
151,22,621.79,50.95,-61.21,714.74,263.1,528.41,99.64,523.12
151,23,6455.36,-191.5,425.93,6542.87,212.37,373.56,-442.87,328.35
151,24,4679.59,326.22,-517.11,4744.2,279.2,-86.48,366.16,678.36
151,25,2274.11,577.45,244.64,2292.57,293.03,-307.02,-271.58,683.78
151,26,930.16,379.67,13.69,957.18,499.13,-420.34,165.87,990.6
151,27,5717.57,567.21,-68.52,5793.52,247.77,-567.28,152.78,425.51
151,28,5815.38,423.64,-225.72,5899.95,172.05,-146.44,249.62,518.28
151,29,5670.6,-618.95,25.65,5741.32,187.77,513.27,81.93,342.57
151,31,6695.47,659.38,231.91,6763.63,380.71,-601.92,-326.38,624.76
151,33,4321.85,429.16,150.94,4402.16,153.05,-406.85,-172.91,339.28
151,34,2954.08,420.62,-304.31,3012.87,186.99,-559.53,105.79,247.98
151,35,5126.92,447.91,34.29,5211.54,251.78,-103.39,-38.54,723.57
151,41,3832.52,-401.29,-148,3912.81,412.85,361.64,-59.67,900.34
151,42,6842.82,555.06,391.16,6913.76,322.84,-312.47,-659.41,421.18
151,43,6394.73,474.78,-472.52,6464.27,1513.55,165.47,-164.69,2252.94
151,44,3066.01,-394.31,-268.76,3133.14,307.42,296.32,376.55,664.55
151,45,5653.37,-453.72,84.69,5738.88,396.18,7.68,-96.3,943.86
151,46,3024.27,-269.23,261.6,3104.9,364.86,436.89,-624.16,486.99
151,47,4374.33,-323.86,-110.67,4465,157.56,460.36,74.27,320.87
151,48,4831.64,472.03,-405.06,4896.17,322.11,-598.78,426.78,409.09
152,0,222.38,12.46,119.46,285.88,161.94,-374.17,-167.73,402.34
152,1,3230.05,424.67,451.38,3275.28,3230.05,424.67,451.38,3275.28
152,4,4141.26,-278.36,-277.83,4226.7,125.82,421.27,45.24,268.98
152,6,125.82,421.27,45.24,268.98,125.82,421.27,45.24,268.98
152,9,125.82,421.27,45.24,268.98,139.04,-266.9,45.64,454.81
152,10,2333.96,-36.73,549.41,2373.67,2333.96,-36.73,549.41,2373.67
152,11,2569,-560.68,-86.59,2611.01,168.76,504.56,-54.01,295.92
152,13,4761.27,290.33,-386,4841.1,342.37,-539.5,235.63,642.59
152,14,2354.92,-322.89,402.22,2402.94,148.4,327.48,-27.41,438.68
152,17,2830,-169.95,-68.53,2927.4,312.85,184.95,-396.35,702.48
152,18,2146.72,-417.02,209.06,2200.36,147.43,490.05,53.04,235.28
152,20,1032.92,-360.72,-461.43,969.95,511.14,463.72,-21.41,1002.34
152,21,7948.67,559.14,-509.92,8017.35,221.05,-407.51,355.25,413.87
152,22,4938.06,8.38,694.1,4993.96,358.86,-389.56,-114.69,798.18
152,23,3648.07,-538.55,59.94,3712.26,223.28,118.58,-12.4,674.17
152,26,4667.64,352.31,-606.92,4719.59,270.7,-472.86,535.1,266.78
152,28,2333.31,452.64,221.18,2383.39,214.68,-482.41,-255.08,388.65
152,29,2579.15,-413.85,47.61,2649.55,339.17,499.57,-119.67,698.17
152,31,1161.62,-472,-18.71,1170.54,296.83,428.89,-342.7,586.15
152,32,4612.31,-362.04,168.51,4699.2,149.11,167.64,-266.54,450.35
152,34,6517.71,-522.29,298.42,6594.5,263.7,364.4,-421.33,503.93
152,35,2714.48,261.11,526.08,2755.63,187.33,-156.06,-467.28,379.24
153,1,94.43,-105.87,-91.58,95.66,192.74,-394.31,-341.07,356.26
153,2,192.74,-394.31,-341.07,356.26,493.63,-158.79,325.14,1019.21
153,3,83.55,61.86,72.33,124.37,184.65,243.65,284.88,489.88
153,4,112.21,24.62,12.18,188.15,237.19,91.66,45.36,700.54
153,5,4293.42,438.77,52.98,4374.9,1433.22,217.31,26.24,2166.78
153,6,156.58,-25.18,61.93,230.06,313.26,-87.05,214.08,795.23
153,7,5980.98,688.45,-33.96,6045.91,1518.82,256.9,-12.67,2256.09
153,8,3648.67,153.38,676.93,3687.45,1383.01,86.78,383.01,2086.39
153,9,81.99,-60.79,-112.09,87.64,165.49,-228.36,-421.08,329.22
153,10,75.79,65.95,61.3,116.41,169.28,263.68,245.07,465.44
153,11,121.15,-74.7,157.11,99.26,243.89,-268.18,564.02,356.34
153,12,104.95,141.28,49.77,103.03,214.41,520.24,183.28,379.42
153,13,937.56,-42.7,1.55,1036.38,1215.94,-79.81,2.89,1937.32
153,15,8258.64,530,-462.47,8333.34,1776.52,161.43,-140.86,2538.28
153,16,130.98,61.42,-78.95,186.16,274.45,223.28,-286.99,676.73
153,17,12394.56,238.05,649.76,12479.95,1767.07,48.32,131.9,2533.35
153,18,90.43,61.57,-98.26,117.14,187.42,232.31,-370.71,441.97
153,20,112.05,151.12,-25.74,112.18,233.03,557.72,-94.99,414
155,0,2864.5,616.76,365.46,2879.75,149.29,-276.02,218.48,422.42
155,1,2904.81,48.22,648.48,2936.85,256.44,127.45,-161.94,710.2
155,3,3870.43,474.58,262.4,3936.87,216.22,-522.76,-163.46,390.37
155,4,6084.31,306.68,399.04,6167.92,236.58,-314.77,-517.95,363.91
155,5,5204.52,549.4,112.48,5278.78,290.23,-598.5,-171.16,491.13
155,6,4538.92,-497.32,-216.3,4610.95,250.4,548.1,307.41,370.87
155,7,4944.21,-143.18,-295,5037.46,108.43,277.06,223.92,297.11
155,8,2522.95,-373.51,270.91,2584.99,160.21,450.21,-262.92,233.23
155,9,4759.3,434.51,590.45,4807.6,201.95,-415.46,-267.47,418.92
155,11,2983.33,139.77,452.54,3049.99,157.5,-266.29,-442.63,231.17
155,12,5679.45,286.23,375.79,5764.17,159.02,-198.16,-402.12,350.21
155,13,4459.5,-338.44,399.79,4533.13,223.11,303.04,-416.74,450.36
155,14,3200.4,254.17,612.28,3236.53,187.13,110.63,-302.59,531.29
155,15,4176.28,-159.03,-633.29,4229.89,264.68,80,678.53,315.9
155,17,2367.13,368.91,463.62,2397.79,209.14,-210.02,-289.35,555.2
155,18,3759.16,-350.27,62.21,3846.31,187.75,541.38,-104.46,288.91
155,19,5609.41,316.01,-339.65,5694.58,338.28,-661.49,331.3,449.13
155,20,4233.78,-298.69,-420.84,4306.7,191.81,390.95,-34.54,492.54
155,21,5572.34,566.58,316.76,5639.13,284.73,-430.57,-177.83,631.03
155,23,5148.07,285.63,534.92,5216.9,152.76,-292.22,-395.52,260.94
155,25,2436.68,-394.96,-168.83,2502.92,312.08,486.51,236.66,624.63
155,27,3036.34,-244.9,-290.8,3116.48,241.51,117.87,222.82,669.22
155,28,3409.49,29.78,690.53,3444.26,433.79,-522.73,-345.73,780.51
155,29,2633.75,367.44,-206.77,2704.06,133.62,-425.01,161.06,248.9
155,31,4053.79,497.97,-197.6,4122.8,162.5,-59.39,68.06,568.42
155,33,4159.8,-129.52,651.19,4211.5,316.21,-326.71,-245.76,725.3
155,34,5946.51,473.89,254.43,6026.64,340.01,-292.61,-513.59,635.67
155,37,4525.85,-90.48,673.3,4579.54,300.99,158.14,-473.58,637.16
155,39,3211.57,327.52,414.86,3272.5,261.1,-446.33,-513.73,307.99
155,40,4639.62,-133.38,-755.91,4680.95,210.92,375.77,171.88,519.05
155,41,1560.13,252.07,-62.8,1641.39,128.02,-287.9,-146.9,389.99
155,42,6436.77,-666.9,-32.44,6506.76,167.63,540.92,-3.25,223.52
155,44,4449.59,135.72,-404.13,4533.38,202.23,-89.1,606.1,212.1
155,45,5609.66,366.24,603.05,5669.96,290.23,106.16,-676.56,399.64
155,47,4627.72,-39.37,-527.3,4701.91,136,56.31,266.06,446.84
155,48,5826.34,621.2,-110.59,5896.75,307.78,-642.92,327.11,389.58
155,49,6205.15,772.64,-58.48,6261.51,537.91,-429.46,-142.51,1045.82